week_start_date,channel,campaign_type,price_point_brl,creative_variant,spend_brl,impressions,clicks,ctr_pct,cpc_brl,questionnaire_starts,checkouts,acquisitions,approval_rate_pct,cac_brl,ltv_brl,revenue_brl,roas,nb_attr_acq,last_click_attr_acq,coupon_attr_acq
2025-10-06,Meta,acquisition,499,A,440068.16,17289470,297977,1.72,1.48,117879,2752,2256,82.01,195.07,601.21,1356333.16,3.08,2368,2143,112
2025-10-06,Meta,acquisition,499,B,377773.59,14256681,258554,1.81,1.46,93272,2145,1684,78.53,224.33,649.83,1094318.37,2.9,1768,1599,84
2025-10-06,Meta,acquisition,549,A,455861.61,21077819,306076,1.45,1.49,118219,1915,1585,82.8,287.61,887.53,1406738.81,3.09,1664,1505,79
2025-10-06,Meta,acquisition,549,B,373128.89,13655555,281558,2.06,1.33,63810,1352,1135,84,328.75,817.25,927582.51,2.49,1191,1078,56
2025-10-06,Meta,acquisition,599,A,402048.59,18715224,279000,1.49,1.44,76579,1335,1080,80.93,372.27,928.24,1002496.89,2.49,1134,1026,54
2025-10-06,Meta,acquisition,599,B,438695.4,18797544,319264,1.7,1.37,81479,1477,1193,80.82,367.72,879.5,1049240.94,2.39,1252,1133,59
2025-10-06,Google,acquisition,499,A,211350.62,8190430,157200,1.92,1.34,44424,1596,1299,81.44,162.7,902.1,1171830.62,5.54,1363,1428,64
2025-10-06,Google,acquisition,499,B,214782.63,8506340,168521,1.98,1.27,51328,1693,1354,80.01,158.63,726.91,984237.27,4.58,1421,1489,67
2025-10-06,Google,acquisition,549,A,233717.68,8683910,164660,1.9,1.42,64397,1897,1525,80.43,153.26,872.66,1330800.1,5.69,1601,1677,76
2025-10-06,Google,acquisition,549,B,226012.27,10274664,240238,2.34,0.94,93454,3021,2530,83.78,89.33,1032.44,2612080.83,11.56,2656,2783,126
2025-10-06,Google,acquisition,599,A,195567.66,8412065,139892,1.66,1.4,48734,1195,969,81.1,201.82,953.71,924140.95,4.73,1017,1065,48
2025-10-06,Google,acquisition,599,B,208320.9,9015441,132954,1.47,1.57,37623,958,825,86.2,252.51,1100.43,907855.23,4.36,866,907,41
2025-10-06,TikTok,acquisition,499,A,119205.05,4614856,109751,2.38,1.09,41426,828,682,82.4,174.79,676.86,461615.14,3.87,716,647,34
2025-10-06,TikTok,acquisition,499,B,102092.44,3104395,62916,2.03,1.62,18569,411,335,81.74,304.75,525.39,176006.31,1.72,351,318,16
2025-10-06,TikTok,acquisition,549,A,124048.88,6468532,126593,1.96,0.98,45898,707,571,80.8,217.25,707.23,403830.77,3.26,599,542,28
2025-10-06,TikTok,acquisition,549,B,129820.62,4197408,72855,1.74,1.78,20694,341,260,76.44,499.31,667.56,173564.68,1.34,273,247,13
2025-10-06,TikTok,acquisition,599,A,122238.01,3809971,96842,2.54,1.26,21850,266,216,81.27,565.92,627.1,135454.2,1.11,226,205,10
2025-10-06,TikTok,acquisition,599,B,108608.16,3910613,74735,1.91,1.45,26638,464,353,76.27,307.67,718.94,253786.52,2.34,370,335,17
2025-10-06,Programmatic,acquisition,499,A,55267.83,1598381,12220,0.76,4.52,2857,40,33,83.27,1674.78,597.97,19733.1,0.36,34,31,1
2025-10-06,Programmatic,acquisition,499,B,49856.85,1649417,19723,1.2,2.53,4608,63,51,82.46,977.59,673.25,34335.82,0.69,53,48,2
2025-10-06,Programmatic,acquisition,549,A,45642.62,2453378,18864,0.77,2.42,6820,56,42,76.07,1086.73,703.38,29542.13,0.65,44,39,2
2025-10-06,Programmatic,acquisition,549,B,44103.55,2147070,14235,0.66,3.1,4340,52,41,79.42,1075.7,649.46,26627.88,0.6,43,38,2
2025-10-06,Programmatic,acquisition,599,A,48179.57,1718496,20010,1.16,2.41,7974,64,48,76.08,1003.74,879.96,42238.04,0.88,50,45,2
2025-10-06,Programmatic,acquisition,599,B,57241.81,2218996,25471,1.15,2.25,9506,97,80,82.98,715.52,673.03,53842.49,0.94,84,76,4
2025-10-06,Creators,acquisition,499,A,31513.17,1387466,15548,1.12,2.03,5941,97,82,85.38,384.31,631.1,51750.53,1.64,53,69,90
2025-10-06,Creators,acquisition,499,B,32418.34,1291171,16474,1.28,1.97,5011,110,90,82.54,360.2,788.39,70954.83,2.19,58,76,99
2025-10-06,Creators,acquisition,549,A,30382.6,1428247,19345,1.35,1.57,5332,83,72,87.35,421.98,899.87,64790.97,2.13,46,61,79
2025-10-06,Creators,acquisition,549,B,29841.37,1228987,16361,1.33,1.82,4748,80,67,84.01,445.39,924.68,61953.78,2.08,43,56,73
2025-10-06,Creators,acquisition,599,A,32638.9,1123457,17926,1.6,1.82,6281,80,68,85.96,479.98,1005.37,68365.11,2.09,44,57,74
2025-10-06,Creators,acquisition,599,B,34882.41,1523990,27525,1.81,1.27,9424,167,135,81.18,258.39,1013.08,136765.84,3.92,87,114,148
2025-10-06,Affiliates,acquisition,499,A,14419.95,571797,8433,1.47,1.71,1753,48,33,88.19,436.97,756.24,24956.05,1.73,21,28,36
2025-10-06,Affiliates,acquisition,499,B,11499.39,495020,6400,1.29,1.8,2042,41,26,88.96,442.28,685.08,17812.15,1.55,16,22,28
2025-10-06,Affiliates,acquisition,549,A,11182.27,377226,6237,1.65,1.79,2032,36,19,87.85,588.54,856.82,16279.56,1.46,12,16,20
2025-10-06,Affiliates,acquisition,549,B,12993.92,566941,8637,1.52,1.5,2813,53,33,88.47,393.76,873.08,28811.78,2.22,21,28,36
2025-10-06,Affiliates,acquisition,599,A,13963.55,709209,10758,1.52,1.3,2819,54,33,85.43,423.14,943.75,31143.72,2.23,21,28,36
2025-10-06,Affiliates,acquisition,599,B,11001.65,400432,5459,1.36,2.02,1130,23,16,85.62,687.6,863.53,13816.49,1.26,10,13,17
2025-10-06,CRM,lifecycle,499,A,8044.33,15225,5075,33.33,1.59,2001,153,133,87.48,60.48,937.42,124677.2,15.5,86,113,26
2025-10-06,CRM,lifecycle,499,B,8617.61,13698,6849,50,1.26,2618,197,170,86.72,50.69,1043.76,177439.35,20.59,110,144,34
2025-10-06,CRM,lifecycle,549,A,8217.47,17178,5726,33.33,1.44,2007,194,176,90.86,46.69,979.44,172380.72,20.98,114,149,35
2025-10-06,CRM,lifecycle,549,B,9551.74,13576,6788,50,1.41,2644,247,219,88.67,43.62,875.09,191644.51,20.06,142,186,43
2025-10-06,CRM,lifecycle,599,A,7458.27,15807,5269,33.33,1.42,2492,148,126,85.48,59.19,1136.35,143179.87,19.2,81,107,25
2025-10-06,CRM,lifecycle,599,B,9631.95,11954,5977,50,1.61,3194,232,197,85.04,48.89,1263.32,248874.46,25.84,128,167,39
2025-10-06,RAF,lifecycle,499,A,3655.19,9010,4505,50,0.81,2444,155,138,89.48,26.49,976.04,134693.95,36.85,89,117,151
2025-10-06,RAF,lifecycle,499,B,4546.48,14922,4974,33.33,0.91,1613,95,85,89.89,53.49,873.3,74230.18,16.33,55,72,93
2025-10-06,RAF,lifecycle,549,A,4651.23,14616,4872,33.33,0.95,1528,79,72,91.46,64.6,944.38,67995.03,14.62,46,61,79
2025-10-06,RAF,lifecycle,549,B,4065.62,9870,4935,50,0.82,2582,151,130,86.31,31.27,1060.31,137839.88,33.9,84,110,143
2025-10-06,RAF,lifecycle,599,A,3660.5,8229,2743,33.33,1.33,1354,64,57,89.59,64.22,1065.91,60757.08,16.6,37,48,62
2025-10-06,RAF,lifecycle,599,B,3646.81,9778,4889,50,0.75,2491,155,135,87.24,27.01,1061.86,143350.49,39.31,87,114,148
2025-10-06,Organic,organic,499,A,0,16167,5389,33.33,0,2046,54,46,86.88,0,752.81,34629.28,,29,39,2
2025-10-06,Organic,organic,499,B,0,18972,6324,33.33,0,1983,55,48,88.4,0,644.15,30919.18,,31,40,2
2025-10-06,Organic,organic,549,A,0,18596,4649,25,0,1167,26,21,83.18,0,863.34,18130.07,,13,17,1
2025-10-06,Organic,organic,549,B,0,17848,4462,25,0,1137,23,19,85.77,0,790.87,15026.5,,12,16,0
2025-10-06,Organic,organic,599,A,0,24624,6156,25,0,1237,26,21,84.13,0,1068.86,22446.08,,13,17,1
2025-10-06,Organic,organic,599,B,0,19820,4955,25,0,1696,44,37,84.89,0,1066.2,39449.57,,24,31,1
2025-10-13,Meta,acquisition,499,A,434311.57,14403389,205079,1.42,2.12,70232,1469,1254,85.42,346.34,706.94,886504.81,2.04,1316,1191,62
2025-10-13,Meta,acquisition,499,B,400531.79,15748914,322333,2.05,1.24,116494,2795,2258,80.81,177.38,669.66,1512082.5,3.78,2370,2145,112
2025-10-13,Meta,acquisition,549,A,496861.32,24958351,471469,1.89,1.05,175160,3116,2517,80.79,197.4,792.39,1994445.56,4.01,2642,2391,125
2025-10-13,Meta,acquisition,549,B,473571.38,13864316,298242,2.15,1.59,76423,1407,1152,81.9,411.09,789.39,909378.4,1.92,1209,1094,57
2025-10-13,Meta,acquisition,599,A,454594.79,22925697,377438,1.65,1.2,145040,2976,2545,85.55,178.62,951.03,2420375.65,5.32,2672,2417,127
2025-10-13,Meta,acquisition,599,B,494201.83,26248554,543161,2.07,0.91,138094,2368,1933,81.67,255.67,959.93,1855536.39,3.75,2029,1836,96
2025-10-13,Google,acquisition,499,A,242597.11,10109988,159147,1.57,1.52,60632,2132,1729,81.1,140.31,769.14,1329850.16,5.48,1815,1901,86
2025-10-13,Google,acquisition,499,B,226147.7,10428947,198625,1.9,1.14,48609,1678,1468,87.49,154.05,931.14,1366917.21,6.04,1541,1614,73
2025-10-13,Google,acquisition,549,A,206908.71,9615886,155080,1.61,1.33,51056,1383,1134,82.01,182.46,883.4,1001773,4.84,1190,1247,56
2025-10-13,Google,acquisition,549,B,214299.33,6563183,134481,2.05,1.59,37951,1179,992,84.16,216.03,937.88,930375.63,4.34,1041,1091,49
2025-10-13,Google,acquisition,599,A,225823.89,8586553,187660,2.19,1.2,66974,1804,1461,80.99,154.57,1005.78,1469451.55,6.51,1534,1607,73
2025-10-13,Google,acquisition,599,B,225791.81,11572290,199378,1.72,1.13,42833,1023,883,86.39,255.71,1064.73,940160.53,4.16,927,971,44
2025-10-13,TikTok,acquisition,499,A,134179.77,6934683,122326,1.76,1.1,24993,367,281,76.81,477.51,680.88,191326.63,1.43,295,266,14
2025-10-13,TikTok,acquisition,499,B,141603.39,6594695,132033,2,1.07,51780,1035,817,78.95,173.32,586.48,479151.38,3.38,857,776,40
2025-10-13,TikTok,acquisition,549,A,117982.8,4225621,98257,2.33,1.2,29780,552,424,76.91,278.26,680.78,288649.13,2.45,445,402,21
2025-10-13,TikTok,acquisition,549,B,145237.27,7072895,160034,2.26,0.91,52175,805,673,83.72,215.81,655.65,441252.26,3.04,706,639,33
2025-10-13,TikTok,acquisition,599,A,125827.52,3773472,60975,1.62,2.06,22791,261,206,79.03,610.81,708.8,146012.94,1.16,216,195,10
2025-10-13,TikTok,acquisition,599,B,125746.22,6735221,139451,2.07,0.9,37841,687,572,83.34,219.84,730.81,418022.18,3.32,600,543,28
2025-10-13,Programmatic,acquisition,499,A,61328.94,1876471,15489,0.83,3.96,3460,43,33,78.58,1858.45,557.83,18408.47,0.3,34,31,1
2025-10-13,Programmatic,acquisition,499,B,62107.4,1801379,17939,1,3.46,5805,79,65,83.41,955.5,655.68,42619.2,0.69,68,61,3
2025-10-13,Programmatic,acquisition,549,A,55622.32,2545506,18975,0.75,2.93,5776,52,39,76.24,1426.21,705,27494.88,0.49,40,37,1
2025-10-13,Programmatic,acquisition,549,B,58342.48,2568999,31008,1.21,1.88,10558,124,103,83.14,566.43,635.03,65408.1,1.12,108,97,5
2025-10-13,Programmatic,acquisition,599,A,49042.6,1465813,16772,1.14,2.92,3616,37,28,76.12,1751.52,701.59,19644.46,0.4,29,26,1
2025-10-13,Programmatic,acquisition,599,B,47919.08,2083626,18744,0.9,2.56,7163,67,51,76.99,939.59,736.76,37574.63,0.78,53,48,2
2025-10-13,Creators,acquisition,499,A,30823.86,1668243,23873,1.43,1.29,7220,132,109,83.04,282.79,638.67,69615.13,2.26,70,92,119
2025-10-13,Creators,acquisition,499,B,37905.88,1536249,19271,1.25,1.97,5771,109,89,82.34,425.91,643.59,57279.09,1.51,57,75,97
2025-10-13,Creators,acquisition,549,A,39229.15,1724482,33725,1.96,1.16,9479,144,123,85.64,318.94,875.06,107632.26,2.74,79,104,135
2025-10-13,Creators,acquisition,549,B,40321,1992566,38517,1.93,1.05,14326,247,206,83.64,195.73,845.16,174102.14,4.32,133,175,226
2025-10-13,Creators,acquisition,599,A,33419.59,1018484,17306,1.7,1.93,6426,99,83,84.15,402.65,792.17,65750.2,1.97,53,70,91
2025-10-13,Creators,acquisition,599,B,34163.25,1123727,23775,2.12,1.44,5478,72,57,80.54,599.36,860.56,49051.71,1.44,37,48,62
2025-10-13,Affiliates,acquisition,499,A,14759.53,676332,9344,1.38,1.58,2831,73,35,81.64,421.7,699,24464.91,1.66,22,29,38
2025-10-13,Affiliates,acquisition,499,B,12979.01,565120,9873,1.75,1.31,3324,66,47,85.48,276.15,789.68,37114.91,2.86,30,39,51
2025-10-13,Affiliates,acquisition,549,A,11533.74,363515,3760,1.03,3.07,1264,26,18,89.52,640.76,667.48,12014.73,1.04,11,15,19
2025-10-13,Affiliates,acquisition,549,B,14261.83,638580,11486,1.8,1.24,2369,46,25,86.76,570.47,811.57,20289.2,1.42,16,21,27
2025-10-13,Affiliates,acquisition,599,A,14371.02,471579,8018,1.7,1.79,2266,34,20,82.6,718.55,716.74,14334.72,1,13,17,22
2025-10-13,Affiliates,acquisition,599,B,14417.12,755963,8541,1.13,1.69,3301,68,39,82.54,369.67,925,36074.93,2.5,25,33,42
2025-10-13,CRM,lifecycle,499,A,9369.05,18375,6125,33.33,1.53,3335,349,297,85.26,31.55,798.68,237209,25.32,193,252,59
2025-10-13,CRM,lifecycle,499,B,8115.19,13392,4464,33.33,1.82,1978,166,151,91.2,53.74,964.34,145615.57,17.94,98,128,30
2025-10-13,CRM,lifecycle,549,A,8127.81,9572,4786,50,1.7,1578,134,115,85.9,70.68,900.97,103612.01,12.75,74,97,23
2025-10-13,CRM,lifecycle,549,B,10345.76,12586,6293,50,1.64,2491,200,176,88.22,58.78,1090.88,191994.68,18.56,114,149,35
2025-10-13,CRM,lifecycle,599,A,8517.72,17925,5975,33.33,1.43,3031,265,241,90.95,35.34,987.4,237963.9,27.94,156,204,48
2025-10-13,CRM,lifecycle,599,B,9107.68,21936,7312,33.33,1.25,3217,179,160,89.41,56.92,1051.21,168194.31,18.47,104,136,32
2025-10-13,RAF,lifecycle,499,A,4909.73,17928,5976,33.33,0.82,2219,150,129,86.2,38.06,826.72,106647.05,21.72,83,109,141
2025-10-13,RAF,lifecycle,499,B,5138.34,7672,3836,50,1.34,1639,127,113,89.1,45.47,771.37,87165.31,16.96,73,96,124
2025-10-13,RAF,lifecycle,549,A,4364.1,7852,3926,50,1.11,1833,126,117,93.4,37.3,904.7,105849.73,24.25,76,99,128
2025-10-13,RAF,lifecycle,549,B,4350.21,7888,3944,50,1.1,2107,104,95,91.86,45.79,837.79,79590.12,18.3,61,80,104
2025-10-13,RAF,lifecycle,599,A,4566.8,11067,3689,33.33,1.24,1603,78,71,91.49,64.32,877.79,62322.96,13.65,46,60,78
2025-10-13,RAF,lifecycle,599,B,4620.56,8776,4388,50,1.05,1537,76,68,90.15,67.95,1078.66,73348.62,15.87,44,57,74
2025-10-13,Organic,organic,499,A,0,27855,5571,20,0,1711,57,48,85.18,0,767.04,36818.13,,31,40,2
2025-10-13,Organic,organic,499,B,0,15642,5214,33.33,0,1223,40,34,87.09,0,661.01,22474.2,,22,28,1
2025-10-13,Organic,organic,549,A,0,17580,3516,20,0,1104,29,24,83.26,0,727.33,17455.92,,15,20,1
2025-10-13,Organic,organic,549,B,0,16959,5653,33.33,0,1374,35,29,82.86,0,860.83,24964.01,,18,24,1
2025-10-13,Organic,organic,599,A,0,22825,4565,20,0,1203,23,19,84.35,0,988.94,18789.88,,12,16,0
2025-10-13,Organic,organic,599,B,0,14100,4700,33.33,0,985,24,21,88.25,0,858.63,18031.28,,13,17,1
2025-10-20,Meta,acquisition,499,A,393576.15,12328725,176869,1.43,2.23,60741,1457,1148,78.82,342.84,699.46,802974.42,2.04,1205,1090,57
2025-10-20,Meta,acquisition,499,B,426874.14,18750979,223004,1.19,1.91,78560,1582,1332,84.25,320.48,724.46,964977.71,2.26,1398,1265,66
2025-10-20,Meta,acquisition,549,A,420043.26,19540870,257626,1.32,1.63,66945,1407,1152,81.88,364.62,755.28,870086.43,2.07,1209,1094,57
2025-10-20,Meta,acquisition,549,B,420218.22,13053525,149398,1.14,2.81,51646,999,797,79.81,527.25,777.63,619773.63,1.47,836,757,39
2025-10-20,Meta,acquisition,599,A,371272.01,12401947,162680,1.31,2.28,42673,891,717,80.47,517.81,733.6,525988.23,1.42,752,681,35
2025-10-20,Meta,acquisition,599,B,358582.9,11813927,155658,1.32,2.3,43608,903,765,84.72,468.74,761.58,582608.7,1.62,803,726,38
2025-10-20,Google,acquisition,499,A,218115.66,7034056,113978,1.62,1.91,40175,1310,1134,86.6,192.34,812.98,921917.38,4.23,1190,1247,56
2025-10-20,Google,acquisition,499,B,227650.89,6825669,113534,1.66,2.01,38241,1213,1016,83.78,224.07,804.97,817845.02,3.59,1066,1117,50
2025-10-20,Google,acquisition,549,A,200555.94,6357961,130773,2.06,1.53,33984,1014,867,85.56,231.32,999.64,866691.32,4.32,910,953,43
2025-10-20,Google,acquisition,549,B,247298.09,9645899,188017,1.95,1.32,39322,1135,957,84.39,258.41,811.66,776758.03,3.14,1004,1052,47
2025-10-20,Google,acquisition,599,A,197243.4,7258851,107586,1.48,1.83,34648,839,713,85.07,276.64,1053.26,750975.83,3.81,748,784,35
2025-10-20,Google,acquisition,599,B,205763.6,9176588,210524,2.29,0.98,66597,1794,1488,82.97,138.28,944.13,1404869.51,6.83,1562,1636,74
2025-10-20,TikTok,acquisition,499,A,129442.72,5950117,137564,2.31,0.94,39956,899,733,81.61,176.59,664.54,487109.57,3.76,769,696,36
2025-10-20,TikTok,acquisition,499,B,134685.9,4699937,128647,2.74,1.05,40102,699,578,82.81,233.02,634.15,366541.25,2.72,606,549,28
2025-10-20,TikTok,acquisition,549,A,114448.42,3903328,91756,2.35,1.25,21908,307,245,80.06,467.14,634.67,155495.26,1.36,257,232,12
2025-10-20,TikTok,acquisition,549,B,123263.69,4751609,129196,2.72,0.95,48206,835,689,82.63,178.9,627.55,432384.16,3.51,723,654,34
2025-10-20,TikTok,acquisition,599,A,122912.91,5065946,128479,2.54,0.96,41850,654,543,83.17,226.36,700.67,380466.15,3.1,570,515,27
2025-10-20,TikTok,acquisition,599,B,124175.42,3965401,71066,1.79,1.75,25978,359,280,78.12,443.48,692.48,193895.76,1.56,294,266,14
2025-10-20,Programmatic,acquisition,499,A,44886.94,1292486,11563,0.89,3.88,3592,36,28,78.7,1603.1,692.94,19402.2,0.43,29,26,1
2025-10-20,Programmatic,acquisition,499,B,57415.27,1677635,21644,1.29,2.65,5259,64,52,82.13,1104.14,606.97,31562.24,0.55,54,49,2
2025-10-20,Programmatic,acquisition,549,A,45012.41,1652520,19733,1.19,2.28,7041,74,58,79.28,776.08,835.64,48467,1.08,60,55,2
2025-10-20,Programmatic,acquisition,549,B,53473.81,1601731,18951,1.18,2.82,5275,70,54,77.48,990.26,768.74,41511.86,0.78,56,51,2
2025-10-20,Programmatic,acquisition,599,A,46539.35,1930945,16516,0.86,2.82,5855,65,49,76.14,949.78,742.85,36399.5,0.78,51,46,2
2025-10-20,Programmatic,acquisition,599,B,53498.4,2226110,21417,0.96,2.5,4719,41,34,83.92,1573.48,710.09,24142.97,0.45,35,32,1
2025-10-20,Creators,acquisition,499,A,32211.08,1534464,20463,1.33,1.57,5610,134,113,84.43,285.05,727.48,82204.85,2.55,73,96,124
2025-10-20,Creators,acquisition,499,B,31690.14,1286966,14571,1.13,2.17,3262,78,62,80.71,511.13,827.53,51306.71,1.62,40,52,68
2025-10-20,Creators,acquisition,549,A,35162.21,1059981,15524,1.46,2.27,5320,106,88,83.89,399.57,751.99,66175.39,1.88,57,74,96
2025-10-20,Creators,acquisition,549,B,35639.27,1571005,30078,1.91,1.18,6193,119,99,83.76,359.99,873.16,86443.3,2.43,64,84,108
2025-10-20,Creators,acquisition,599,A,37292.82,1119981,13399,1.2,2.78,4999,89,75,84.8,497.24,958.41,71880.62,1.93,48,63,82
2025-10-20,Creators,acquisition,599,B,31752.09,942365,20104,2.13,1.58,5669,87,73,84.39,434.96,759.79,55464.59,1.75,47,62,80
2025-10-20,Affiliates,acquisition,499,A,13611.25,577062,7237,1.25,1.88,1527,30,16,81.18,850.7,746.46,11943.43,0.88,10,13,17
2025-10-20,Affiliates,acquisition,499,B,14636.04,486630,5339,1.1,2.74,1374,28,21,89.94,696.95,726.57,15257.95,1.04,13,17,23
2025-10-20,Affiliates,acquisition,549,A,11373.44,329072,3622,1.1,3.14,1225,25,16,82.2,710.84,681.66,10906.6,0.96,10,13,17
2025-10-20,Affiliates,acquisition,549,B,13983.08,556316,6313,1.13,2.21,1531,36,18,84.7,776.84,808.62,14555.24,1.04,11,15,19
2025-10-20,Affiliates,acquisition,599,A,11367.89,541470,7859,1.45,1.45,2936,44,30,88.2,378.93,965.47,28964.07,2.55,19,25,33
2025-10-20,Affiliates,acquisition,599,B,13078.31,577087,9234,1.6,1.42,2457,49,28,89.05,467.08,949.01,26572.31,2.03,18,23,30
2025-10-20,CRM,lifecycle,499,A,8482.87,20454,6818,33.33,1.24,3352,347,305,88.03,27.81,1028.61,313724.7,36.98,198,259,61
2025-10-20,CRM,lifecycle,499,B,7660.26,11842,5921,50,1.29,2376,251,217,86.73,35.3,914.68,198484.79,25.91,141,184,43
2025-10-20,CRM,lifecycle,549,A,7535.4,18228,6076,33.33,1.24,2379,196,167,85.48,45.12,852.6,142383.79,18.9,108,141,33
2025-10-20,CRM,lifecycle,549,B,8897.22,14673,4891,33.33,1.82,1497,99,89,90.09,99.97,1104.09,98264.06,11.04,57,75,17
2025-10-20,CRM,lifecycle,599,A,9768.42,14224,7112,50,1.37,2406,206,186,90.41,52.52,1088.54,202467.54,20.73,120,158,37
2025-10-20,CRM,lifecycle,599,B,8387.46,20235,6745,33.33,1.24,2738,196,179,91.55,46.86,989.21,177069.44,21.11,116,152,35
2025-10-20,RAF,lifecycle,499,A,4195.28,10335,3445,33.33,1.22,1301,99,88,89.38,47.67,884.86,77868.1,18.56,57,74,96
2025-10-20,RAF,lifecycle,499,B,4459.67,11064,3688,33.33,1.21,1232,86,78,91.63,57.18,904.89,70581.13,15.83,50,66,85
2025-10-20,RAF,lifecycle,549,A,4909.02,12309,4103,33.33,1.2,2229,90,77,86.39,63.75,964.56,74271.48,15.13,50,65,84
2025-10-20,RAF,lifecycle,549,B,4389.87,10872,3624,33.33,1.21,1628,88,82,93.65,53.54,860.78,70584.25,16.08,53,69,90
2025-10-20,RAF,lifecycle,599,A,3930.06,7348,3674,50,1.07,1472,56,51,91.21,77.06,1143.51,58319.12,14.84,33,43,56
2025-10-20,RAF,lifecycle,599,B,4098.09,9652,4826,50,0.85,1449,63,54,86.2,75.89,1205,65070.06,15.88,35,45,59
2025-10-20,Organic,organic,499,A,0,19824,4956,25,0,1803,53,44,84.3,0,674.35,29671.44,,28,37,2
2025-10-20,Organic,organic,499,B,0,21772,5443,25,0,1330,34,30,89.16,0,729.17,21875.23,,19,25,1
2025-10-20,Organic,organic,549,A,0,17196,4299,25,0,1699,48,39,83.03,0,783.31,30549.03,,25,33,1
2025-10-20,Organic,organic,549,B,0,18275,3655,20,0,1310,38,32,84.37,0,803.93,25725.84,,20,27,1
2025-10-20,Organic,organic,599,A,0,14253,4751,33.33,0,1589,38,34,89.77,0,1043.55,35480.77,,22,28,1
2025-10-20,Organic,organic,599,B,0,13848,4616,33.33,0,1640,42,35,84.61,0,930.56,32569.5,,22,29,1
2025-10-27,Meta,acquisition,499,A,483670.49,19259405,239281,1.24,2.02,51478,1159,932,80.44,518.96,713.27,664765.11,1.37,978,885,46
2025-10-27,Meta,acquisition,499,B,517002.03,27065725,480380,1.77,1.08,115997,2407,2047,85.05,252.57,618.09,1265234.8,2.45,2149,1944,102
2025-10-27,Meta,acquisition,549,A,385643.24,13523867,268425,1.98,1.44,92277,1949,1661,85.27,232.18,811.73,1348286.05,3.5,1744,1577,83
2025-10-27,Meta,acquisition,549,B,459648.51,16743402,332647,1.99,1.38,94867,1893,1507,79.66,305.01,727.93,1096987.27,2.39,1582,1431,75
2025-10-27,Meta,acquisition,599,A,444506.64,24285857,314179,1.29,1.41,62970,922,744,80.78,597.46,844.5,628310.4,1.41,781,706,37
2025-10-27,Meta,acquisition,599,B,423890.93,13105090,179174,1.37,2.37,47386,767,622,81.16,681.5,744.25,462923.64,1.09,653,590,31
2025-10-27,Google,acquisition,499,A,223512.13,8904014,113432,1.27,1.97,42939,1377,1143,83.06,195.55,730.76,835261.55,3.74,1200,1257,57
2025-10-27,Google,acquisition,499,B,251591.97,10152254,153394,1.51,1.64,50962,1712,1494,87.32,168.4,937.18,1400146.07,5.57,1568,1643,74
2025-10-27,Google,acquisition,549,A,233530.17,9398791,198514,2.11,1.18,78002,2365,1905,80.58,122.59,792.31,1509356.55,6.46,2000,2095,95
2025-10-27,Google,acquisition,549,B,253313.17,8216518,169277,2.06,1.5,60272,1602,1284,80.16,197.28,947.99,1217213.13,4.81,1348,1412,64
2025-10-27,Google,acquisition,599,A,273460.65,12286762,170376,1.39,1.61,64115,1507,1248,82.82,219.12,1039.68,1297519.01,4.74,1310,1372,62
2025-10-27,Google,acquisition,599,B,227660.94,6705907,100681,1.5,2.26,20571,524,443,84.7,513.91,932.66,413170.53,1.81,465,487,22
2025-10-27,TikTok,acquisition,499,A,141982.53,7435434,142947,1.92,0.99,41421,933,719,77.07,197.47,525.13,377570.76,2.66,754,683,35
2025-10-27,TikTok,acquisition,499,B,120027.14,3895457,79757,2.05,1.5,21033,419,332,79.33,361.53,615.1,204213.67,1.7,348,315,16
2025-10-27,TikTok,acquisition,549,A,131772.51,4388515,113515,2.59,1.16,30546,418,322,77.17,409.23,636.44,204934.33,1.56,338,305,16
2025-10-27,TikTok,acquisition,549,B,148141.68,6894507,145645,2.11,1.02,54421,1085,877,80.92,168.92,713.01,625308.65,4.22,920,833,43
2025-10-27,TikTok,acquisition,599,A,146296.88,7512938,150654,2.01,0.97,57552,811,629,77.58,232.59,704.87,443361.85,3.03,660,597,31
2025-10-27,TikTok,acquisition,599,B,143565.42,4182530,109983,2.63,1.31,33733,543,418,77,343.46,818.06,341950.9,2.38,438,397,20
2025-10-27,Programmatic,acquisition,499,A,58752.17,3213683,35966,1.12,1.63,8120,97,75,77.92,783.36,624.23,46817,0.8,78,71,3
2025-10-27,Programmatic,acquisition,499,B,59382.2,3263168,32186,0.99,1.84,7803,116,91,78.6,652.55,629.4,57275,0.96,95,86,4
2025-10-27,Programmatic,acquisition,549,A,54950.22,1750072,15837,0.9,3.47,5450,64,50,78.68,1099,668.31,33415.38,0.61,52,47,2
2025-10-27,Programmatic,acquisition,549,B,56213.44,2020498,13394,0.66,4.2,2871,34,28,83.76,2007.62,840.69,23539.26,0.42,29,26,1
2025-10-27,Programmatic,acquisition,599,A,52457.07,1615453,15680,0.97,3.35,5224,56,44,79.09,1192.21,882.84,38844.92,0.74,46,41,2
2025-10-27,Programmatic,acquisition,599,B,61853.81,3072724,31463,1.02,1.97,9036,102,79,78.13,782.96,709.11,56019.92,0.91,82,75,3
2025-10-27,Creators,acquisition,499,A,35584.74,1033186,11775,1.14,3.02,4209,75,61,81.7,583.36,818.7,49940.63,1.4,39,51,67
2025-10-27,Creators,acquisition,499,B,38752.4,1828195,24071,1.32,1.61,7493,146,121,83.53,320.27,812.32,98290.79,2.54,78,102,133
2025-10-27,Creators,acquisition,549,A,37457.49,1888638,28936,1.53,1.29,11378,232,200,86.48,187.29,832.33,166465.1,4.44,130,170,220
2025-10-27,Creators,acquisition,549,B,42261.99,1411491,16726,1.18,2.53,5574,104,84,81.71,503.12,682.92,57364.95,1.36,54,71,92
2025-10-27,Creators,acquisition,599,A,33821.12,1083640,13365,1.23,2.53,3887,66,57,87.2,593.35,860.73,49061.86,1.45,37,48,62
2025-10-27,Creators,acquisition,599,B,39869.43,1305822,15246,1.17,2.62,4448,60,51,86.27,781.75,832.19,42441.8,1.06,33,43,56
2025-10-27,Affiliates,acquisition,499,A,15815.83,462245,8023,1.74,1.97,2989,78,43,80.7,367.81,807.47,34721.04,2.2,27,36,47
2025-10-27,Affiliates,acquisition,499,B,15806.06,467513,7432,1.59,2.13,2239,44,29,87.07,545.04,800.82,23223.75,1.47,18,24,31
2025-10-27,Affiliates,acquisition,549,A,12546.92,509391,6871,1.35,1.83,1915,31,21,87.14,597.47,806.14,16928.98,1.35,13,17,23
2025-10-27,Affiliates,acquisition,549,B,12372.42,554854,7312,1.32,1.69,1576,35,21,82.44,589.16,831.74,17466.6,1.41,13,17,23
2025-10-27,Affiliates,acquisition,599,A,12804.89,387124,5579,1.44,2.3,1439,27,14,88.84,914.64,941.69,13183.71,1.03,9,11,15
2025-10-27,Affiliates,acquisition,599,B,12431.05,419860,6647,1.58,1.87,2559,48,31,88.87,401,910.25,28217.6,2.27,20,26,34
2025-10-27,CRM,lifecycle,499,A,10116.46,16086,5362,33.33,1.89,2851,251,213,85.06,47.5,973.22,207295.26,20.49,138,181,42
2025-10-27,CRM,lifecycle,499,B,8784.42,14097,4699,33.33,1.87,2577,303,268,88.55,32.78,774.69,207616.14,23.63,174,227,53
2025-10-27,CRM,lifecycle,549,A,8927.47,11378,5689,50,1.57,2446,242,210,86.81,42.51,1074.29,225601.5,25.27,136,178,42
2025-10-27,CRM,lifecycle,549,B,8242.59,16191,5397,33.33,1.53,2104,202,179,88.64,46.05,997.05,178471.23,21.65,116,152,35
2025-10-27,CRM,lifecycle,599,A,10511.41,13546,6773,50,1.55,2412,211,184,87.25,57.13,945.69,174006.37,16.55,119,156,36
2025-10-27,CRM,lifecycle,599,B,10602.81,12388,6194,50,1.71,3188,186,163,87.83,65.05,968.18,157812.79,14.88,105,138,32
2025-10-27,RAF,lifecycle,499,A,4487.23,9442,4721,50,0.95,1583,125,117,93.61,38.35,820.93,96049.12,21.4,76,99,128
2025-10-27,RAF,lifecycle,499,B,5348.13,10158,3386,33.33,1.58,1599,112,102,91.54,52.43,781.71,79734.71,14.91,66,86,112
2025-10-27,RAF,lifecycle,549,A,4798.22,8184,2728,33.33,1.76,884,35,30,88.45,159.94,944.84,28345.09,5.91,19,25,33
2025-10-27,RAF,lifecycle,549,B,4816.59,9831,3277,33.33,1.47,1262,56,48,87.01,100.35,864.05,41474.51,8.61,31,40,52
2025-10-27,RAF,lifecycle,599,A,4985.28,16299,5433,33.33,0.92,2453,116,104,90.1,47.94,949.72,98770.94,19.81,67,88,114
2025-10-27,RAF,lifecycle,599,B,4506,14166,4722,33.33,0.95,1582,68,59,88.23,76.37,1190,70209.71,15.58,38,50,64
2025-10-27,Organic,organic,499,A,0,20900,5225,25,0,1602,37,31,86.32,0,663.76,20576.7,,20,26,1
2025-10-27,Organic,organic,499,B,0,23505,4701,20,0,1773,59,52,88.29,0,696.27,36206.06,,33,44,2
2025-10-27,Organic,organic,549,A,0,16420,4105,25,0,1192,27,22,84.66,0,971.74,21378.33,,14,18,1
2025-10-27,Organic,organic,549,B,0,23425,4685,20,0,1547,37,30,82.89,0,773.12,23193.5,,19,25,1
2025-10-27,Organic,organic,599,A,0,23360,4672,20,0,973,22,19,88.65,0,962.45,18286.49,,12,16,0
2025-10-27,Organic,organic,599,B,0,14556,3639,25,0,1119,27,24,89.16,0,1055.82,25339.71,,15,20,1
2025-11-03,Meta,acquisition,499,A,481287.79,14394179,217603,1.51,2.21,48629,1076,924,85.88,520.87,627.84,580126.11,1.21,970,877,46
2025-11-03,Meta,acquisition,499,B,494894.82,18835320,223932,1.19,2.21,86811,1727,1457,84.39,339.67,808.79,1178401.54,2.38,1529,1384,72
2025-11-03,Meta,acquisition,549,A,427322.49,17630731,229726,1.3,1.86,55100,1190,929,78.1,459.98,659.85,613002.25,1.43,975,882,46
2025-11-03,Meta,acquisition,549,B,405477.12,13151549,231699,1.76,1.75,84238,1979,1550,78.34,261.6,883.06,1368750.42,3.38,1627,1472,77
2025-11-03,Meta,acquisition,599,A,484008.39,14089004,159035,1.13,3.04,48350,773,626,81.07,773.18,910.73,570117.85,1.18,657,594,31
2025-11-03,Meta,acquisition,599,B,438101.5,15336191,299739,1.95,1.46,89730,1424,1127,79.15,388.73,913.97,1030041.09,2.35,1183,1070,56
2025-11-03,Google,acquisition,499,A,229639.33,8076100,165756,2.05,1.39,54735,1899,1651,86.97,139.09,801.13,1322658.98,5.76,1733,1816,82
2025-11-03,Google,acquisition,499,B,212269.07,10144546,190867,1.88,1.11,56669,1975,1692,85.72,125.45,901.85,1525930.39,7.19,1776,1861,84
2025-11-03,Google,acquisition,549,A,211469.74,8608424,104727,1.22,2.02,34021,1042,842,80.88,251.15,1061.37,893671.89,4.23,884,926,42
2025-11-03,Google,acquisition,549,B,221968.9,6884773,98508,1.43,2.25,20521,657,540,82.28,411.05,950.35,513188.64,2.31,567,594,27
2025-11-03,Google,acquisition,599,A,254434.81,11887515,248464,2.09,1.02,73317,1741,1409,80.95,180.58,1000.53,1409743.35,5.54,1479,1549,70
2025-11-03,Google,acquisition,599,B,274607.91,10264969,189256,1.84,1.45,68336,1880,1610,85.68,170.56,1055.6,1699515.45,6.19,1690,1771,80
2025-11-03,TikTok,acquisition,499,A,147060.58,4294966,95343,2.22,1.54,24686,475,377,79.47,390.08,629.01,237136.25,1.61,395,358,18
2025-11-03,TikTok,acquisition,499,B,112835.07,5955145,113838,1.91,0.99,33758,596,460,77.32,245.29,640.53,294644.68,2.61,483,437,23
2025-11-03,TikTok,acquisition,549,A,123093.82,3613629,70915,1.96,1.74,19872,304,248,81.66,496.35,734.12,182060.63,1.48,260,235,12
2025-11-03,TikTok,acquisition,549,B,145464.24,5290743,139179,2.63,1.05,35509,653,540,82.73,269.38,743.55,401519.4,2.76,567,513,27
2025-11-03,TikTok,acquisition,599,A,138455.42,6520768,160296,2.46,0.86,52473,750,624,83.28,221.88,603.77,376754.4,2.72,655,592,31
2025-11-03,TikTok,acquisition,599,B,112005.28,5179474,106017,2.05,1.06,34220,567,444,78.44,252.26,764.53,339450.75,3.03,466,421,22
2025-11-03,Programmatic,acquisition,499,A,57604.97,2936143,30538,1.04,1.89,11533,126,96,76.26,600.05,555.97,53372.95,0.93,100,91,4
2025-11-03,Programmatic,acquisition,499,B,64221.2,2870206,27135,0.95,2.37,7127,70,57,81.7,1126.69,750.36,42770.36,0.67,59,54,2
2025-11-03,Programmatic,acquisition,549,A,56115.62,1812225,19067,1.05,2.94,7384,87,72,83.43,779.38,727.24,52361.29,0.93,75,68,3
2025-11-03,Programmatic,acquisition,549,B,53175.67,1670294,13380,0.8,3.97,3549,46,35,76.23,1519.3,646.44,22625.49,0.43,36,33,1
2025-11-03,Programmatic,acquisition,599,A,57173.86,1872757,15120,0.81,3.78,3656,29,23,82.22,2485.82,894.23,20567.3,0.36,24,21,1
2025-11-03,Programmatic,acquisition,599,B,57301.94,1701251,17164,1.01,3.34,3834,35,26,77.12,2203.92,828.58,21543.04,0.38,27,24,1
2025-11-03,Creators,acquisition,499,A,35690.16,1974344,37077,1.88,0.96,12597,241,192,80.03,185.89,724.76,139153.67,3.9,124,163,211
2025-11-03,Creators,acquisition,499,B,31949.53,940912,16162,1.72,1.98,4927,109,94,86.8,339.89,670.87,63061.41,1.97,61,79,103
2025-11-03,Creators,acquisition,549,A,41501.42,1692687,32078,1.9,1.29,10492,147,127,86.72,326.78,741.25,94139.36,2.27,82,107,139
2025-11-03,Creators,acquisition,549,B,38087.03,1588503,27203,1.71,1.4,6887,145,124,85.92,307.15,873.5,108313.68,2.84,80,105,136
2025-11-03,Creators,acquisition,599,A,33810.98,1809087,21527,1.19,1.57,6616,97,82,84.63,412.33,789.69,64754.33,1.92,53,69,90
2025-11-03,Creators,acquisition,599,B,31906.2,1664619,18461,1.11,1.73,5643,78,67,86.78,476.21,883.33,59183.4,1.85,43,56,73
2025-11-03,Affiliates,acquisition,499,A,13886.77,743970,12725,1.71,1.09,3462,94,66,82.39,210.41,590.63,38981.7,2.81,42,56,72
2025-11-03,Affiliates,acquisition,499,B,14343.74,656705,12566,1.91,1.14,4215,95,68,81.63,210.94,692.33,47078.5,3.28,44,57,74
2025-11-03,Affiliates,acquisition,549,A,15818.12,853153,13396,1.57,1.18,4339,87,65,84.51,243.36,874.05,56813.55,3.59,42,55,71
2025-11-03,Affiliates,acquisition,549,B,12712.02,434238,8218,1.89,1.55,2287,48,35,85.71,363.2,712.3,24930.47,1.96,22,29,38
2025-11-03,Affiliates,acquisition,599,A,14921.75,641575,9109,1.42,1.64,3050,51,27,81.89,552.66,882.64,23831.27,1.6,17,22,29
2025-11-03,Affiliates,acquisition,599,B,12196.95,606125,7545,1.24,1.62,2571,50,38,88.05,320.97,868.65,33008.88,2.71,24,32,41
2025-11-03,CRM,lifecycle,499,A,10153.91,12894,6447,50,1.57,2752,237,206,87.29,49.29,828.05,170578.37,16.8,133,175,41
2025-11-03,CRM,lifecycle,499,B,10577.9,12418,6209,50,1.7,2227,168,151,89.98,70.05,847.01,127898.07,12.09,98,128,30
2025-11-03,CRM,lifecycle,549,A,9831.1,20475,6825,33.33,1.44,3513,308,273,88.7,36.01,901.77,246182.1,25.04,177,232,54
2025-11-03,CRM,lifecycle,549,B,10528.02,12666,6333,50,1.66,2131,168,143,85.48,73.62,1148.54,164241.69,15.6,92,121,28
2025-11-03,CRM,lifecycle,599,A,8788.71,9936,4968,50,1.77,2578,140,124,89.06,70.88,1139.19,141258.94,16.07,80,105,24
2025-11-03,CRM,lifecycle,599,B,9928.32,19314,6438,33.33,1.54,2948,216,188,87.49,52.81,1248.14,234650.26,23.63,122,159,37
2025-11-03,RAF,lifecycle,499,A,5085.42,15888,5296,33.33,0.96,2870,141,123,87.54,41.34,810.39,99677.8,19.6,79,104,135
2025-11-03,RAF,lifecycle,499,B,5246.94,6876,3438,50,1.53,1429,83,75,90.84,69.96,878.46,65884.25,12.56,48,63,82
2025-11-03,RAF,lifecycle,549,A,4727.05,12450,4150,33.33,1.14,1528,84,78,93.15,60.6,1108.74,86481.97,18.3,50,66,85
2025-11-03,RAF,lifecycle,549,B,4517.89,16044,5348,33.33,0.84,2321,113,99,87.94,45.64,932.64,92331.82,20.44,64,84,108
2025-11-03,RAF,lifecycle,599,A,5152.72,10562,5281,50,0.98,2570,121,105,87.46,49.07,956.92,100476.19,19.5,68,89,115
2025-11-03,RAF,lifecycle,599,B,5201.87,10047,3349,33.33,1.55,1803,111,102,92.55,51,972.64,99208.8,19.07,66,86,112
2025-11-03,Organic,organic,499,A,0,10644,3548,33.33,0,939,23,19,86.39,0,794.55,15096.45,,12,16,0
2025-11-03,Organic,organic,499,B,0,14814,4938,33.33,0,1326,38,33,88.09,0,691.18,22808.97,,21,28,1
2025-11-03,Organic,organic,549,A,0,12144,4048,33.33,0,1143,26,21,84.49,0,925.02,19425.48,,13,17,1
2025-11-03,Organic,organic,549,B,0,28530,5706,20,0,1210,29,24,85.33,0,753.93,18094.38,,15,20,1
2025-11-03,Organic,organic,599,A,0,13086,4362,33.33,0,1135,25,21,85.24,0,938.28,19703.88,,13,17,1
2025-11-03,Organic,organic,599,B,0,18740,4685,25,0,1785,33,27,84.78,0,777.21,20984.58,,17,22,1
2025-11-10,Meta,acquisition,499,A,380442.51,11190827,157497,1.41,2.42,51071,1094,882,80.69,431.34,587.6,518259.96,1.36,926,837,44
2025-11-10,Meta,acquisition,499,B,479173.88,21216177,286042,1.35,1.68,77799,1641,1320,80.5,363.01,648.25,855690.91,1.79,1386,1254,66
2025-11-10,Meta,acquisition,549,A,493200.4,14992404,192262,1.28,2.57,70721,1153,951,82.55,518.61,865.88,823449.6,1.67,998,903,47
2025-11-10,Meta,acquisition,549,B,395026.06,19050144,369125,1.94,1.07,122054,3049,2416,79.27,163.5,687.11,1660054.19,4.2,2536,2295,120
2025-11-10,Meta,acquisition,599,A,374109.47,15910838,166702,1.05,2.24,53810,790,644,81.63,580.92,841.07,541648.17,1.45,676,611,32
2025-11-10,Meta,acquisition,599,B,378119.8,12704693,273124,2.15,1.38,75889,1411,1142,81,331.1,966.55,1103795.54,2.92,1199,1084,57
2025-11-10,Google,acquisition,499,A,258418.67,7497368,118939,1.59,2.17,31312,868,699,80.61,369.7,960.21,671184.99,2.6,733,768,34
2025-11-10,Google,acquisition,499,B,239749.3,9371268,137426,1.47,1.74,53267,1563,1331,85.19,180.13,863.72,1149607.48,4.8,1397,1464,66
2025-11-10,Google,acquisition,549,A,250052.21,8160155,152961,1.87,1.63,47523,1305,1127,86.41,221.87,819.83,923951.87,3.7,1183,1239,56
2025-11-10,Google,acquisition,549,B,218573.84,6985308,157603,2.26,1.39,52391,1342,1162,86.64,188.1,1070.54,1243962.99,5.69,1220,1278,58
2025-11-10,Google,acquisition,599,A,231052.18,9378548,145584,1.55,1.59,46777,1043,845,81.08,273.43,1163.43,983100.47,4.25,887,929,42
2025-11-10,Google,acquisition,599,B,233904.93,8743755,141780,1.62,1.65,29622,671,539,80.47,433.96,1070.2,576837.88,2.47,565,592,26
2025-11-10,TikTok,acquisition,499,A,136475.43,3993902,103068,2.58,1.32,23730,330,268,81.48,509.24,553.11,148233.92,1.09,281,254,13
2025-11-10,TikTok,acquisition,499,B,141871.09,5396369,118789,2.2,1.19,33749,589,474,80.51,299.31,532.6,252450.75,1.78,497,450,23
2025-11-10,TikTok,acquisition,549,A,143933.48,4538846,111354,2.45,1.29,43336,756,629,83.21,228.83,709.43,446229.65,3.1,660,597,31
2025-11-10,TikTok,acquisition,549,B,124934.91,6806066,155488,2.28,0.8,47874,899,745,82.95,167.7,686.1,511142.29,4.09,782,707,37
2025-11-10,TikTok,acquisition,599,A,110315.84,5640617,139380,2.47,0.79,52433,701,536,76.55,205.81,621.34,333038.72,3.02,562,509,26
2025-11-10,TikTok,acquisition,599,B,111342.26,3320383,71948,2.17,1.55,21062,361,281,77.95,396.24,718.94,202022.37,1.81,295,266,14
2025-11-10,Programmatic,acquisition,499,A,55228.31,2204194,14819,0.67,3.73,4219,41,32,78.54,1725.88,641.32,20522.36,0.37,33,30,1
2025-11-10,Programmatic,acquisition,499,B,48948.41,1400314,15334,1.1,3.19,5923,90,70,78.3,699.26,586.74,41072.05,0.84,73,66,3
2025-11-10,Programmatic,acquisition,549,A,61921.58,2321490,23358,1.01,2.65,8719,84,67,80.74,924.2,688.52,46131,0.74,70,63,3
2025-11-10,Programmatic,acquisition,549,B,49353.21,2655504,21263,0.8,2.32,5312,65,52,80.13,949.1,801.12,41658.22,0.84,54,49,2
2025-11-10,Programmatic,acquisition,599,A,50500.69,2335821,22115,0.95,2.28,5622,58,45,79.06,1122.24,738.9,33250.57,0.66,47,42,2
2025-11-10,Programmatic,acquisition,599,B,58063.69,2737647,30598,1.12,1.9,8505,66,53,81.02,1095.54,823.17,43627.95,0.75,55,50,2
2025-11-10,Creators,acquisition,499,A,31656.72,1226006,17933,1.46,1.77,6154,110,92,84.48,344.09,848.69,78079.43,2.47,59,78,101
2025-11-10,Creators,acquisition,499,B,30747.29,1018705,14848,1.46,2.07,4410,86,71,83.68,433.06,731.34,51924.82,1.69,46,60,78
2025-11-10,Creators,acquisition,549,A,40506.76,1233246,23806,1.93,1.7,9369,160,137,86.25,295.67,916.13,125510,3.1,89,116,150
2025-11-10,Creators,acquisition,549,B,31840.98,1049291,17871,1.7,1.78,4284,85,72,85.5,442.24,854.1,61495.39,1.93,46,61,79
2025-11-10,Creators,acquisition,599,A,30643.75,908711,12279,1.35,2.5,4425,59,50,84.82,612.88,753.54,37677.19,1.23,32,42,55
2025-11-10,Creators,acquisition,599,B,36587.98,1261366,18899,1.5,1.94,6494,106,85,80.45,430.45,748.16,63593.33,1.74,55,72,93
2025-11-10,Affiliates,acquisition,499,A,11672.19,491036,8558,1.74,1.36,2274,58,40,86.44,291.8,732.55,29302.13,2.51,26,34,44
2025-11-10,Affiliates,acquisition,499,B,12283.53,374217,5393,1.44,2.28,2086,40,20,81.15,614.18,748.67,14973.42,1.22,13,17,22
2025-11-10,Affiliates,acquisition,549,A,11899.95,469653,6626,1.41,1.8,2006,36,22,88.82,540.91,693.86,15264.92,1.28,14,18,24
2025-11-10,Affiliates,acquisition,549,B,13723.88,689120,11428,1.66,1.2,2681,65,36,80.78,381.22,703.95,25342.33,1.85,23,30,39
2025-11-10,Affiliates,acquisition,599,A,13772.27,553331,7535,1.36,1.83,2181,40,22,82.62,626.01,771.75,16978.5,1.23,14,18,24
2025-11-10,Affiliates,acquisition,599,B,12053.22,421263,7949,1.89,1.52,3033,66,43,81.1,280.31,722.15,31052.29,2.58,27,36,47
2025-11-10,CRM,lifecycle,499,A,9844.21,12410,6205,50,1.59,2511,201,176,87.98,55.93,948.82,166992.55,16.96,114,149,35
2025-11-10,CRM,lifecycle,499,B,8662.52,23730,7910,33.33,1.1,3862,293,262,89.43,33.06,781.85,204845.04,23.65,170,222,52
2025-11-10,CRM,lifecycle,549,A,8230.36,18945,6315,33.33,1.3,2468,166,146,88.22,56.37,1138.57,166230.87,20.2,94,124,29
2025-11-10,CRM,lifecycle,549,B,10252.1,23898,7966,33.33,1.29,4156,328,292,89.11,35.11,881.6,257427.8,25.11,189,248,58
2025-11-10,CRM,lifecycle,599,A,10257.16,18510,6170,33.33,1.66,2561,200,183,92,56.05,1040.08,190333.76,18.56,118,155,36
2025-11-10,CRM,lifecycle,599,B,8541.61,23742,7914,33.33,1.08,3893,226,201,89.02,42.5,1196.91,240579.12,28.17,130,170,40
2025-11-10,RAF,lifecycle,499,A,4650.7,6422,3211,50,1.45,984,77,68,89.51,68.39,909.94,61875.64,13.3,44,57,74
2025-11-10,RAF,lifecycle,499,B,4406.05,10572,3524,33.33,1.25,1394,77,67,87.53,65.76,763.38,51146.5,11.61,43,56,73
2025-11-10,RAF,lifecycle,549,A,3932.1,10134,5067,50,0.78,2251,128,116,90.69,33.9,955.3,110815.26,28.18,75,98,127
2025-11-10,RAF,lifecycle,549,B,5151.88,14142,4714,33.33,1.09,1988,145,133,92.12,38.74,886.99,117969.99,22.9,86,113,146
2025-11-10,RAF,lifecycle,599,A,4771.82,11304,3768,33.33,1.27,1874,99,86,86.88,55.49,878.37,75539.4,15.83,55,73,94
2025-11-10,RAF,lifecycle,599,B,5132.82,9056,4528,50,1.13,2341,133,124,93.6,41.39,968.82,120133.57,23.4,80,105,136
2025-11-10,Organic,organic,499,A,0,20360,5090,25,0,2033,50,41,82.84,0,808.15,33134.09,,26,34,2
2025-11-10,Organic,organic,499,B,0,22392,5598,25,0,1237,33,27,82.23,0,797.82,21541.17,,17,22,1
2025-11-10,Organic,organic,549,A,0,30555,6111,20,0,1613,46,40,86.97,0,828.86,33154.32,,26,34,2
2025-11-10,Organic,organic,549,B,0,18208,4552,25,0,911,25,21,86.07,0,758.07,15919.5,,13,17,1
2025-11-10,Organic,organic,599,A,0,14892,4964,33.33,0,1030,26,22,85.34,0,837.09,18416.06,,14,18,1
2025-11-10,Organic,organic,599,B,0,19288,4822,25,0,1912,41,36,88.3,0,987.62,35554.34,,23,30,1
2025-11-17,Meta,acquisition,499,A,483643.34,21335730,309960,1.45,1.56,107481,2152,1809,84.1,267.35,723.05,1307992.09,2.7,1899,1718,90
2025-11-17,Meta,acquisition,499,B,429568.06,17414345,367733,2.11,1.17,99290,2692,2264,84.12,189.74,723.72,1638506.09,3.81,2377,2150,113
2025-11-17,Meta,acquisition,549,A,484815.82,16149976,189573,1.17,2.56,42181,993,800,80.64,606.02,670.52,536412.57,1.11,840,760,40
2025-11-17,Meta,acquisition,549,B,489986.66,14508985,200392,1.38,2.45,63520,1487,1181,79.45,414.89,692.32,817626.27,1.67,1240,1121,59
2025-11-17,Meta,acquisition,599,A,411224.69,12089805,224542,1.86,1.83,88965,1773,1467,82.78,280.32,878.75,1289124.7,3.13,1540,1393,73
2025-11-17,Meta,acquisition,599,B,444105.75,15170523,283510,1.87,1.57,94145,1562,1313,84.07,338.24,773.9,1016136.58,2.29,1378,1247,65
2025-11-17,Google,acquisition,499,A,251840.52,8641176,131294,1.52,1.92,48525,1693,1479,87.39,170.28,761,1125522.26,4.47,1552,1626,73
2025-11-17,Google,acquisition,499,B,239662.74,12708859,236282,1.86,1.01,64468,2417,2117,87.62,113.21,931.49,1971960.63,8.23,2222,2328,105
2025-11-17,Google,acquisition,549,A,266926.31,9347609,180599,1.93,1.48,45246,1361,1147,84.3,232.72,807.4,926089.86,3.47,1204,1261,57
2025-11-17,Google,acquisition,549,B,266455.55,8788803,174908,1.99,1.52,59721,1887,1535,81.37,173.59,1001.7,1537612.92,5.77,1611,1688,76
2025-11-17,Google,acquisition,599,A,259380.33,7806200,118443,1.52,2.19,36792,830,679,81.91,382,924.32,627613.67,2.42,712,746,33
2025-11-17,Google,acquisition,599,B,233730.14,12767563,249069,1.95,0.94,63235,1452,1275,87.87,183.32,1063.7,1356220.54,5.8,1338,1402,63
2025-11-17,TikTok,acquisition,499,A,132717.75,5749673,125410,2.18,1.06,40340,644,490,76.17,270.85,505.63,247757.22,1.87,514,465,24
2025-11-17,TikTok,acquisition,499,B,119717.35,5281648,130843,2.48,0.91,49076,767,634,82.67,188.83,575.97,365162.5,3.05,665,602,31
2025-11-17,TikTok,acquisition,549,A,113189.49,3726288,95103,2.55,1.19,21328,359,277,77.29,408.63,714.56,197932.78,1.75,290,263,13
2025-11-17,TikTok,acquisition,549,B,122219.79,3867907,77413,2,1.58,17062,218,171,78.81,714.74,593.36,101464.3,0.83,179,162,8
2025-11-17,TikTok,acquisition,599,A,125479.95,4983866,92752,1.86,1.35,34532,532,439,82.52,285.83,722.5,317179.26,2.53,460,417,21
2025-11-17,TikTok,acquisition,599,B,117075.11,3933213,99452,2.53,1.18,32393,530,441,83.21,265.48,623.67,275038.79,2.35,463,418,22
2025-11-17,Programmatic,acquisition,499,A,52099.73,2446585,22381,0.91,2.33,6876,95,78,82.51,667.95,599.23,46739.65,0.9,81,74,3
2025-11-17,Programmatic,acquisition,499,B,63802.77,2098396,17829,0.85,3.58,4486,48,39,82.81,1635.97,729.89,28465.87,0.45,40,37,1
2025-11-17,Programmatic,acquisition,549,A,60640.94,2499983,24402,0.98,2.49,9005,87,66,76.27,918.8,708.53,46762.73,0.77,69,62,3
2025-11-17,Programmatic,acquisition,549,B,59413.81,2334879,15992,0.68,3.72,5200,67,51,76.54,1164.98,803.2,40962.99,0.69,53,48,2
2025-11-17,Programmatic,acquisition,599,A,49205.88,1433093,15626,1.09,3.15,6196,70,55,79.81,894.65,832.43,45783.84,0.93,57,52,2
2025-11-17,Programmatic,acquisition,599,B,51523.28,1591542,13304,0.84,3.87,2924,25,20,81.39,2576.16,901.09,18021.77,0.35,21,19,1
2025-11-17,Creators,acquisition,499,A,42598.3,2052174,24845,1.21,1.71,7020,145,117,81.07,364.09,656.99,76867.75,1.8,76,99,128
2025-11-17,Creators,acquisition,499,B,31763.35,1033152,13784,1.33,2.3,3391,83,66,80,481.26,771.44,50915.33,1.6,42,56,72
2025-11-17,Creators,acquisition,549,A,42374.54,1662871,24543,1.48,1.73,7747,149,124,83.47,341.73,765.35,94902.78,2.24,80,105,136
2025-11-17,Creators,acquisition,549,B,32396.91,1250813,24490,1.96,1.32,9628,210,178,85.03,182.01,922.15,164142.19,5.07,115,151,195
2025-11-17,Creators,acquisition,599,A,41714.55,1399760,22371,1.6,1.86,7333,125,109,87.74,382.7,762.56,83119.04,1.99,70,92,119
2025-11-17,Creators,acquisition,599,B,40197.15,1246109,17043,1.37,2.36,4226,57,49,86.71,820.35,878.19,43031.14,1.07,31,41,53
2025-11-17,Affiliates,acquisition,499,A,15536.17,673060,9554,1.42,1.63,3261,74,39,86.39,398.36,617.64,24088.06,1.55,25,33,42
2025-11-17,Affiliates,acquisition,499,B,16106.55,578518,7087,1.23,2.27,2523,62,43,82.67,374.57,669.2,28775.68,1.79,27,36,47
2025-11-17,Affiliates,acquisition,549,A,12319.47,353557,4267,1.21,2.89,1541,36,23,89.6,535.63,724.4,16661.31,1.35,14,19,25
2025-11-17,Affiliates,acquisition,549,B,15677.35,641846,7178,1.12,2.18,1545,33,22,85.76,712.61,764.11,16810.52,1.07,14,18,24
2025-11-17,Affiliates,acquisition,599,A,12682.7,431517,6581,1.53,1.93,1687,29,17,82.44,746.04,847.05,14399.84,1.14,11,14,18
2025-11-17,Affiliates,acquisition,599,B,14797.32,660560,8030,1.22,1.84,2461,37,27,89.41,548.05,827.81,22350.86,1.51,17,22,29
2025-11-17,CRM,lifecycle,499,A,9591.05,15554,7777,50,1.23,2762,213,181,85.37,52.99,823.99,149141.29,15.55,117,153,36
2025-11-17,CRM,lifecycle,499,B,9417.09,14164,7082,50,1.33,3108,329,286,87.18,32.93,917.82,262497.24,27.87,185,243,57
2025-11-17,CRM,lifecycle,549,A,9857.23,19068,6356,33.33,1.55,2937,196,167,85.44,59.03,1048.73,175137.12,17.77,108,141,33
2025-11-17,CRM,lifecycle,549,B,9322.42,9766,4883,50,1.91,2629,241,209,86.87,44.6,883.07,184560.81,19.8,135,177,41
2025-11-17,CRM,lifecycle,599,A,9530.1,11850,5925,50,1.61,2839,215,183,85.21,52.08,925.36,169340.01,17.77,118,155,36
2025-11-17,CRM,lifecycle,599,B,9698.25,18705,6235,33.33,1.56,2179,145,125,86.34,77.59,958.48,119810.38,12.35,81,106,25
2025-11-17,RAF,lifecycle,499,A,4183.68,13332,4444,33.33,0.94,2095,154,141,92.05,29.67,961.3,135542.73,32.4,91,119,155
2025-11-17,RAF,lifecycle,499,B,4051.5,10341,3447,33.33,1.18,1046,75,68,90.76,59.58,780.76,53091.73,13.1,44,57,74
2025-11-17,RAF,lifecycle,549,A,4176.61,11162,5581,50,0.75,2752,172,160,93.45,26.1,936.08,149772.63,35.86,104,136,176
2025-11-17,RAF,lifecycle,549,B,4559.67,8074,4037,50,1.13,1447,71,61,87.23,74.75,1101.65,67200.55,14.74,39,51,67
2025-11-17,RAF,lifecycle,599,A,5291.41,11763,3921,33.33,1.35,1986,83,76,92.62,69.62,1073.45,81582.15,15.42,49,64,83
2025-11-17,RAF,lifecycle,599,B,4947.99,19122,6374,33.33,0.78,1989,89,81,91.27,61.09,1214.35,98362.1,19.88,52,68,89
2025-11-17,Organic,organic,499,A,0,17708,4427,25,0,1690,51,44,88.12,0,658.36,28967.98,,28,37,2
2025-11-17,Organic,organic,499,B,0,26860,5372,20,0,1885,59,52,88.23,0,792.59,41214.7,,33,44,2
2025-11-17,Organic,organic,549,A,0,32750,6550,20,0,2345,48,40,83.36,0,755.45,30218.09,,26,34,2
2025-11-17,Organic,organic,549,B,0,18735,6245,33.33,0,1936,60,52,88.01,0,908.43,47238.61,,33,44,2
2025-11-17,Organic,organic,599,A,0,29620,5924,20,0,1360,26,22,84.71,0,945.7,20805.43,,14,18,1
2025-11-17,Organic,organic,599,B,0,13290,4430,33.33,0,1183,25,21,86.16,0,874.92,18373.38,,13,17,1
2025-11-24,Meta,acquisition,499,A,399933.59,12495365,192967,1.54,2.07,47131,1247,1027,82.42,389.42,606.74,623121.93,1.56,1078,975,51
2025-11-24,Meta,acquisition,499,B,496950.78,21958037,372696,1.7,1.33,125144,3317,2777,83.73,178.95,772.11,2144137.42,4.31,2915,2638,138
2025-11-24,Meta,acquisition,549,A,484039.27,22823899,355392,1.56,1.36,106171,1811,1475,81.47,328.16,844.18,1245158.39,2.57,1548,1401,73
2025-11-24,Meta,acquisition,549,B,440258.14,17848841,284585,1.59,1.55,89071,2068,1754,84.83,251,722.26,1266844.87,2.88,1841,1666,87
2025-11-24,Meta,acquisition,599,A,415963.14,17797298,331938,1.87,1.25,126173,2080,1761,84.67,236.21,848.97,1495035.76,3.59,1849,1672,88
2025-11-24,Meta,acquisition,599,B,509208.37,18389369,378173,2.06,1.35,117573,2041,1730,84.79,294.34,793.08,1372034.66,2.69,1816,1643,86
2025-11-24,Google,acquisition,499,A,263503.45,9751661,148575,1.52,1.77,43865,1576,1298,82.38,203.01,725.31,941449.12,3.57,1362,1427,64
2025-11-24,Google,acquisition,499,B,271889.98,13590375,210026,1.55,1.29,62154,2269,1992,87.82,136.49,752.44,1498868.53,5.51,2091,2191,99
2025-11-24,Google,acquisition,549,A,223044.57,6384667,112548,1.76,1.98,41906,1128,928,82.32,240.35,1042.5,967444.57,4.34,974,1020,46
2025-11-24,Google,acquisition,549,B,221167.66,9824650,166420,1.69,1.33,44435,1181,972,82.32,227.54,832,808699.44,3.66,1020,1069,48
2025-11-24,Google,acquisition,599,A,244882.81,8215436,140953,1.72,1.74,30182,762,653,85.7,375.01,899.69,587497.31,2.4,685,718,32
2025-11-24,Google,acquisition,599,B,241376.16,6995834,153156,2.19,1.58,44595,1074,872,81.28,276.81,857.25,747522.31,3.1,915,959,43
2025-11-24,TikTok,acquisition,499,A,120175.89,4569050,95882,2.1,1.25,22486,404,321,79.53,374.38,652.07,209313.22,1.74,337,304,16
2025-11-24,TikTok,acquisition,499,B,147085.26,4291469,96729,2.25,1.52,35808,733,563,76.81,261.25,511.19,287797.25,1.96,591,534,28
2025-11-24,TikTok,acquisition,549,A,134697.76,4552410,102503,2.25,1.31,30421,509,413,81.3,326.14,702,289925.65,2.15,433,392,20
2025-11-24,TikTok,acquisition,549,B,116633.18,4469968,93225,2.09,1.25,27660,439,336,76.58,347.12,720.36,242042.61,2.08,352,319,16
2025-11-24,TikTok,acquisition,599,A,131441.51,3998910,65709,1.64,2,14408,164,136,82.96,966.48,713.01,96969.58,0.74,142,129,6
2025-11-24,TikTok,acquisition,599,B,140397.32,7269813,184206,2.53,0.76,39697,707,566,80.1,248.05,816.88,462353.61,3.29,594,537,28
2025-11-24,Programmatic,acquisition,499,A,58231.18,2062908,14441,0.7,4.03,4713,63,50,80.88,1164.62,703.08,35154.14,0.6,52,47,2
2025-11-24,Programmatic,acquisition,499,B,62412.94,2091299,22260,1.06,2.8,6800,84,68,81.7,917.84,732.75,49826.75,0.8,71,64,3
2025-11-24,Programmatic,acquisition,549,A,59798.96,3035094,22877,0.75,2.61,7383,80,66,83.34,906.04,851.04,56168.92,0.94,69,62,3
2025-11-24,Programmatic,acquisition,549,B,62608.72,2212403,24650,1.11,2.54,9114,83,65,78.5,963.21,623.44,40523.8,0.65,68,61,3
2025-11-24,Programmatic,acquisition,599,A,58045.06,1726065,10405,0.6,5.58,2343,18,14,82.23,4146.08,761.79,10665.05,0.18,14,13,0
2025-11-24,Programmatic,acquisition,599,B,50893.75,2091774,17028,0.81,2.99,4258,42,34,81.36,1496.87,730.86,24849.29,0.49,35,32,1
2025-11-24,Creators,acquisition,499,A,37867.42,2046186,40359,1.97,0.94,8899,189,166,87.98,228.12,690.29,114587.43,3.03,107,141,182
2025-11-24,Creators,acquisition,499,B,34926.22,1143177,18096,1.58,1.93,4583,102,88,86.62,396.89,772.34,67965.86,1.95,57,74,96
2025-11-24,Creators,acquisition,549,A,34399.78,1171942,22617,1.93,1.52,5415,104,87,84,395.4,856.63,74526.72,2.17,56,73,95
2025-11-24,Creators,acquisition,549,B,33254.01,1514408,22041,1.46,1.51,8109,145,119,82.7,279.45,877.17,104383.8,3.14,77,101,130
2025-11-24,Creators,acquisition,599,A,33265.24,1419177,22008,1.55,1.51,5926,97,82,84.81,405.67,777.16,63726.97,1.92,53,69,90
2025-11-24,Creators,acquisition,599,B,33205.9,1059785,16222,1.53,2.05,3728,50,41,83.35,809.9,975.85,40009.69,1.2,26,34,45
2025-11-24,Affiliates,acquisition,499,A,12753.11,365257,3713,1.02,3.43,1183,29,16,85.32,797.07,656.2,10499.21,0.82,10,13,17
2025-11-24,Affiliates,acquisition,499,B,14216.93,427951,6173,1.44,2.3,1660,38,23,89.99,618.13,623.56,14341.89,1.01,14,19,25
2025-11-24,Affiliates,acquisition,549,A,15639.78,776824,12984,1.67,1.2,4220,99,70,83.18,223.43,671.87,47031.1,3.01,45,59,77
2025-11-24,Affiliates,acquisition,549,B,15175.87,644084,9519,1.48,1.59,3421,75,43,84.58,352.93,838.86,36070.81,2.38,27,36,47
2025-11-24,Affiliates,acquisition,599,A,13847.38,624909,8209,1.31,1.69,2948,42,27,83.22,512.87,867.42,23420.34,1.69,17,22,29
2025-11-24,Affiliates,acquisition,599,B,13736.76,665309,7458,1.12,1.84,2089,41,28,82.68,490.6,869.27,24339.46,1.77,18,23,30
2025-11-24,CRM,lifecycle,499,A,9201.97,17193,5731,33.33,1.61,2021,222,195,88.25,47.19,919.72,179345.14,19.49,126,165,39
2025-11-24,CRM,lifecycle,499,B,9501.76,15894,7947,50,1.2,3345,387,331,85.64,28.71,918.01,303860.63,31.98,215,281,66
2025-11-24,CRM,lifecycle,549,A,10049.45,12230,6115,50,1.64,3247,214,189,88.52,53.17,1139.69,215400.71,21.43,122,160,37
2025-11-24,CRM,lifecycle,549,B,8002.12,15453,5151,33.33,1.55,1973,192,176,91.75,45.47,951.58,167477.44,20.93,114,149,35
2025-11-24,CRM,lifecycle,599,A,10059.51,20556,6852,33.33,1.47,3113,263,239,91.17,42.09,992.36,237174.46,23.58,155,203,47
2025-11-24,CRM,lifecycle,599,B,9567.92,11176,5588,50,1.71,2383,162,148,91.61,64.65,1210.58,179166.35,18.73,96,125,29
2025-11-24,RAF,lifecycle,499,A,4992.89,8610,4305,50,1.16,2162,100,93,93.29,53.69,831.79,77356.43,15.49,60,79,102
2025-11-24,RAF,lifecycle,499,B,4369.73,8384,4192,50,1.04,2101,112,101,90.98,43.26,914.96,92411.33,21.15,65,85,111
2025-11-24,RAF,lifecycle,549,A,4586.01,6820,3410,50,1.34,1362,57,49,86.95,93.59,1008.52,49417.43,10.78,31,41,53
2025-11-24,RAF,lifecycle,549,B,5270.54,11655,3885,33.33,1.36,2004,125,110,88.5,47.91,1002.53,110278.28,20.92,71,93,121
2025-11-24,RAF,lifecycle,599,A,5340.37,8336,4168,50,1.28,1581,88,78,89.28,68.47,1039.42,81074.95,15.18,50,66,85
2025-11-24,RAF,lifecycle,599,B,4762.97,11061,3687,33.33,1.29,1187,71,61,86.48,78.08,983.45,59990.27,12.6,39,51,67
2025-11-24,Organic,organic,499,A,0,24692,6173,25,0,1458,47,40,85.73,0,690.69,27627.5,,26,34,2
2025-11-24,Organic,organic,499,B,0,14564,3641,25,0,965,30,26,87.4,0,855.51,22243.35,,16,22,1
2025-11-24,Organic,organic,549,A,0,18376,4594,25,0,1023,23,19,86.17,0,726.75,13808.2,,12,16,0
2025-11-24,Organic,organic,549,B,0,24460,4892,20,0,1067,26,22,84.84,0,871.75,19178.4,,14,18,1
2025-11-24,Organic,organic,599,A,0,15897,5299,33.33,0,2090,40,34,85.3,0,786.94,26755.92,,22,28,1
2025-11-24,Organic,organic,599,B,0,18708,4677,25,0,1780,44,39,89.93,0,993.1,38730.93,,25,33,1
2025-12-01,Meta,acquisition,499,A,398670.04,15652601,274957,1.76,1.45,62361,1567,1241,79.22,321.25,806.45,1000806.28,2.51,1303,1178,62
2025-12-01,Meta,acquisition,499,B,432390.86,12707897,246198,1.94,1.76,66533,1824,1481,81.22,291.96,713.16,1056186.91,2.44,1555,1406,74
2025-12-01,Meta,acquisition,549,A,391819.24,12987612,157242,1.21,2.49,50088,1194,981,82.21,399.41,867.47,850989.1,2.17,1030,931,49
2025-12-01,Meta,acquisition,549,B,476466.35,15918696,341571,2.15,1.39,118559,2913,2317,79.54,205.64,871.17,2018504.84,4.24,2432,2201,115
2025-12-01,Meta,acquisition,599,A,357718.04,14174737,241890,1.71,1.48,66386,1126,894,79.47,400.13,911.96,815291.82,2.28,938,849,44
2025-12-01,Meta,acquisition,599,B,368391.23,14183058,157259,1.11,2.34,55993,859,730,85.01,504.65,730.02,532912.48,1.45,766,693,36
2025-12-01,Google,acquisition,499,A,237702.99,7181194,95160,1.33,2.5,25117,699,586,83.86,405.64,706.97,414282.19,1.74,615,644,29
2025-12-01,Google,acquisition,499,B,244774.12,12035666,237348,1.97,1.03,57025,2191,1883,85.96,129.99,721.98,1359492.73,5.55,1977,2071,94
2025-12-01,Google,acquisition,549,A,232868.04,6983848,92683,1.33,2.51,24260,698,586,84.07,397.39,882.01,516860.03,2.22,615,644,29
2025-12-01,Google,acquisition,549,B,254755.45,11435570,203768,1.78,1.25,75252,2114,1806,85.47,141.06,904.58,1633673.92,6.41,1896,1986,90
2025-12-01,Google,acquisition,599,A,245869.38,8840850,139474,1.58,1.76,50432,1152,1007,87.5,244.16,1020.77,1027916.61,4.18,1057,1107,50
2025-12-01,Google,acquisition,599,B,199317.48,10614446,230591,2.17,0.86,81876,2216,1900,85.78,104.9,1007.76,1914751.23,9.61,1995,2090,95
2025-12-01,TikTok,acquisition,499,A,105201.11,4045444,94417,2.33,1.11,26110,527,410,77.97,256.59,557.73,228669.82,2.17,430,389,20
2025-12-01,TikTok,acquisition,499,B,129107.25,5628686,143492,2.55,0.9,54705,1024,833,81.41,154.99,558.1,464900.07,3.6,874,791,41
2025-12-01,TikTok,acquisition,549,A,120729.86,4986777,106283,2.13,1.14,42191,835,662,79.39,182.37,699.88,463319.84,3.84,695,628,33
2025-12-01,TikTok,acquisition,549,B,132915.71,5127541,139384,2.72,0.95,37108,547,435,79.57,305.55,706.91,307505.48,2.31,456,413,21
2025-12-01,TikTok,acquisition,599,A,136335.45,5221476,113393,2.17,1.2,31189,368,282,76.69,483.46,768.75,216787.58,1.59,296,267,14
2025-12-01,TikTok,acquisition,599,B,108329.23,3450195,95451,2.77,1.13,29800,453,368,81.43,294.37,746.52,274720.61,2.54,386,349,18
2025-12-01,Programmatic,acquisition,499,A,51045.05,1522028,12129,0.8,4.21,4425,55,46,83.96,1109.67,681.91,31368.03,0.61,48,43,2
2025-12-01,Programmatic,acquisition,499,B,54169.88,1866610,19656,1.05,2.76,4578,62,49,80.39,1105.51,715.58,35063.66,0.65,51,46,2
2025-12-01,Programmatic,acquisition,549,A,59745.57,1861351,22314,1.2,2.68,7654,64,51,80.65,1171.48,772.8,39412.87,0.66,53,48,2
2025-12-01,Programmatic,acquisition,549,B,55865.66,1915961,22420,1.17,2.49,6914,70,54,78.18,1034.55,654.49,35342.61,0.63,56,51,2
2025-12-01,Programmatic,acquisition,599,A,58528,1793784,20916,1.17,2.8,6305,54,42,77.94,1393.52,821.67,34510.24,0.59,44,39,2
2025-12-01,Programmatic,acquisition,599,B,56549.84,2425686,23545,0.97,2.4,7260,71,58,82.97,975,743.51,43123.6,0.76,60,55,2
2025-12-01,Creators,acquisition,499,A,33950.73,1349654,25194,1.87,1.35,8424,169,141,83.6,240.79,849.14,119728.43,3.53,91,119,155
2025-12-01,Creators,acquisition,499,B,34540.32,1290132,15445,1.2,2.24,4845,106,92,87.55,375.44,645.02,59342.3,1.72,59,78,101
2025-12-01,Creators,acquisition,549,A,38969.1,1194919,12860,1.08,3.03,2602,52,42,80.77,927.84,748.81,31449.97,0.81,27,35,46
2025-12-01,Creators,acquisition,549,B,32380.67,1053556,19840,1.88,1.63,7088,128,106,83.57,305.48,914.99,96989.17,3,68,90,116
2025-12-01,Creators,acquisition,599,A,34177,1399502,24526,1.75,1.39,6483,84,70,84.04,488.24,818.29,57280.28,1.68,45,59,77
2025-12-01,Creators,acquisition,599,B,31402.15,1543450,24599,1.59,1.28,6010,111,90,81.6,348.91,786.36,70772.79,2.25,58,76,99
2025-12-01,Affiliates,acquisition,499,A,13904.59,731913,7563,1.03,1.84,2867,70,44,89.06,316.01,647.24,28478.62,2.05,28,37,48
2025-12-01,Affiliates,acquisition,499,B,14920.81,606642,9116,1.5,1.64,2386,61,43,83.33,347,739.25,31787.75,2.13,27,36,47
2025-12-01,Affiliates,acquisition,549,A,13744.6,528961,5459,1.03,2.52,1932,34,18,88.53,763.59,765.67,13782.04,1,11,15,19
2025-12-01,Affiliates,acquisition,549,B,11604.32,581422,7344,1.26,1.58,1978,44,22,81.43,527.47,739.81,16275.72,1.4,14,18,24
2025-12-01,Affiliates,acquisition,599,A,14893.75,732374,8397,1.15,1.77,1890,38,25,83.02,595.75,923.48,23087,1.55,16,21,27
2025-12-01,Affiliates,acquisition,599,B,13980.11,486272,8404,1.73,1.66,2591,43,29,82.57,482.07,735.68,21334.8,1.53,18,24,31
2025-12-01,CRM,lifecycle,499,A,9807.27,15390,7695,50,1.27,2950,330,297,90.18,33.02,892.77,265151.74,27.04,193,252,59
2025-12-01,CRM,lifecycle,499,B,9056.7,18765,6255,33.33,1.45,3265,238,217,91.58,41.74,975.66,211718.72,23.38,141,184,43
2025-12-01,CRM,lifecycle,549,A,7615.42,18693,6231,33.33,1.22,2115,189,170,90.34,44.8,866.82,147358.8,19.35,110,144,34
2025-12-01,CRM,lifecycle,549,B,9610.1,18495,6165,33.33,1.56,2017,172,148,86.26,64.93,1034.81,153151.26,15.94,96,125,29
2025-12-01,CRM,lifecycle,599,A,9519.68,24540,8180,33.33,1.16,4310,292,251,86.29,37.93,1121.61,281524.71,29.57,163,213,50
2025-12-01,CRM,lifecycle,599,B,7813.36,13600,6800,50,1.15,3308,289,257,89.17,30.4,1058.14,271943.1,34.8,167,218,51
2025-12-01,RAF,lifecycle,499,A,4239.34,10802,5401,50,0.78,2393,140,127,91.26,33.38,852.07,108212.93,25.53,82,107,139
2025-12-01,RAF,lifecycle,499,B,4257.55,13803,4601,33.33,0.93,1610,84,74,89.03,57.53,886.4,65593.37,15.41,48,62,81
2025-12-01,RAF,lifecycle,549,A,4557.92,9044,4522,50,1.01,2482,172,152,88.66,29.99,1097.37,166800.84,36.6,98,129,167
2025-12-01,RAF,lifecycle,549,B,4863.39,12288,4096,33.33,1.19,1561,112,101,90.44,48.15,1073.29,108402.66,22.29,65,85,111
2025-12-01,RAF,lifecycle,599,A,4738.74,13002,4334,33.33,1.09,1690,90,79,87.84,59.98,1131.44,89383.96,18.86,51,67,86
2025-12-01,RAF,lifecycle,599,B,4428.75,9675,3225,33.33,1.37,1174,49,45,92.45,98.42,1015.72,45707.28,10.32,29,38,49
2025-12-01,Organic,organic,499,A,0,18830,3766,20,0,772,26,22,88.42,0,814.16,17911.42,,14,18,1
2025-12-01,Organic,organic,499,B,0,17876,4469,25,0,1472,49,41,85.25,0,761.66,31228.14,,26,34,2
2025-12-01,Organic,organic,549,A,0,25670,5134,20,0,1213,31,27,89.44,0,770.94,20815.49,,17,22,1
2025-12-01,Organic,organic,549,B,0,24200,4840,20,0,1177,29,25,87.34,0,759.63,18990.85,,16,21,1
2025-12-01,Organic,organic,599,A,0,22435,4487,20,0,1170,27,22,82.18,0,816.21,17956.65,,14,18,1
2025-12-01,Organic,organic,599,B,0,18796,4699,25,0,1717,35,29,85.25,0,963.31,27935.9,,18,24,1
2025-12-08,Meta,acquisition,499,A,407062.15,12526258,151574,1.21,2.69,30671,747,622,83.28,654.44,639.6,397830.52,0.98,653,590,31
2025-12-08,Meta,acquisition,499,B,382472.37,16037825,187642,1.17,2.04,65454,1400,1178,84.18,324.68,731.56,861779.02,2.25,1236,1119,58
2025-12-08,Meta,acquisition,549,A,355515.27,11574509,132387,1.14,2.69,43906,729,602,82.65,590.56,761.06,458156.26,1.29,632,571,30
2025-12-08,Meta,acquisition,549,B,406406.7,13226596,248310,1.88,1.64,51921,943,809,85.86,502.36,759.83,614702.78,1.51,849,768,40
2025-12-08,Meta,acquisition,599,A,442419.73,16169128,286719,1.77,1.54,61403,1081,908,84.02,487.25,814.12,739222.38,1.67,953,862,45
2025-12-08,Meta,acquisition,599,B,429541.16,13369895,261981,1.96,1.64,63158,1357,1121,82.66,383.18,751.51,842445.65,1.96,1177,1064,56
2025-12-08,Google,acquisition,499,A,237741.03,10649530,163239,1.53,1.46,46238,1491,1213,81.38,195.99,931.5,1129912.95,4.75,1273,1334,60
2025-12-08,Google,acquisition,499,B,239524.01,10331474,242158,2.34,0.99,51286,1546,1331,86.13,179.96,767.49,1021526.26,4.26,1397,1464,66
2025-12-08,Google,acquisition,549,A,199447.69,10850918,165911,1.53,1.2,35672,1038,830,80.05,240.3,910.98,756113.91,3.79,871,913,41
2025-12-08,Google,acquisition,549,B,243832.41,8834861,145951,1.65,1.67,32353,1074,860,80.15,283.53,929.92,799732.27,3.28,903,946,43
2025-12-08,Google,acquisition,599,A,209936.05,6756876,120969,1.79,1.74,46899,1304,1119,85.82,187.61,996.78,1115401.78,5.31,1174,1230,55
2025-12-08,Google,acquisition,599,B,220775.64,6566656,137301,2.09,1.61,48021,1398,1160,82.98,190.32,1111.42,1289249.26,5.84,1218,1276,58
2025-12-08,TikTok,acquisition,499,A,126641.95,5164250,121620,2.36,1.04,26924,375,311,82.99,407.21,684.13,212765,1.68,326,295,15
2025-12-08,TikTok,acquisition,499,B,115309.19,4682433,92379,1.97,1.25,35784,608,493,81.17,233.89,653.23,322043.73,2.79,517,468,24
2025-12-08,TikTok,acquisition,549,A,116021.52,3384187,66520,1.97,1.74,23635,324,258,79.85,449.7,700.98,180851.81,1.56,270,245,12
2025-12-08,TikTok,acquisition,549,B,108957.16,3387414,92930,2.74,1.17,23959,401,305,76.13,357.24,638.42,194717.61,1.79,320,289,15
2025-12-08,TikTok,acquisition,599,A,121123.87,5836817,150458,2.58,0.81,35372,499,379,76.08,319.59,665.13,252083.34,2.08,397,360,18
2025-12-08,TikTok,acquisition,599,B,128402.13,5149058,136629,2.65,0.94,49717,710,548,77.25,234.31,782.51,428817.08,3.34,575,520,27
2025-12-08,Programmatic,acquisition,499,A,56803.91,2565045,16545,0.65,3.43,6103,77,60,78.08,946.73,592.59,35555.38,0.63,63,57,3
2025-12-08,Programmatic,acquisition,499,B,50389.47,1492528,11288,0.76,4.46,3888,43,34,80.73,1482.04,650.96,22132.66,0.44,35,32,1
2025-12-08,Programmatic,acquisition,549,A,51440.35,2534248,28327,1.12,1.82,11243,117,92,79.23,559.13,805.16,74074.36,1.44,96,87,4
2025-12-08,Programmatic,acquisition,549,B,45416.07,2366030,26313,1.11,1.73,8138,95,72,76.23,630.78,822.57,59224.82,1.3,75,68,3
2025-12-08,Programmatic,acquisition,599,A,52969.86,2661081,26520,1,2,10502,85,71,83.55,746.05,913.09,64829.48,1.22,74,67,3
2025-12-08,Programmatic,acquisition,599,B,55603.32,2113565,19806,0.94,2.81,5394,59,45,77.21,1235.63,803.62,36162.71,0.65,47,42,2
2025-12-08,Creators,acquisition,499,A,34093.68,1007790,19234,1.91,1.77,5703,123,105,85.65,324.7,742.59,77972.46,2.29,68,89,115
2025-12-08,Creators,acquisition,499,B,31438.33,1518476,25629,1.69,1.23,7364,143,118,82.76,266.43,624.28,73664.93,2.34,76,100,129
2025-12-08,Creators,acquisition,549,A,34178.96,1771239,19597,1.11,1.74,6945,103,88,85.59,388.4,811.01,71368.84,2.09,57,74,96
2025-12-08,Creators,acquisition,549,B,31033.29,1120114,18412,1.64,1.69,7035,160,133,83.72,233.33,778.24,103506.13,3.34,86,113,146
2025-12-08,Creators,acquisition,599,A,34493.45,1732628,26470,1.53,1.3,5823,83,71,86.06,485.82,955.49,67839.93,1.97,46,60,78
2025-12-08,Creators,acquisition,599,B,33392.67,971140,12079,1.24,2.76,3171,54,45,83.57,742.06,920.9,41440.35,1.24,29,38,49
2025-12-08,Affiliates,acquisition,499,A,11052.67,365660,4133,1.13,2.67,1050,21,11,87.2,1004.79,804.84,8853.27,0.8,7,9,12
2025-12-08,Affiliates,acquisition,499,B,12130.46,552508,7524,1.36,1.61,2250,48,34,87.62,356.78,726.55,24702.63,2.04,22,28,37
2025-12-08,Affiliates,acquisition,549,A,14144.91,467173,5271,1.13,2.68,1332,26,15,83.09,942.99,768.64,11529.56,0.82,9,12,16
2025-12-08,Affiliates,acquisition,549,B,13682.2,502200,9058,1.8,1.51,2913,49,28,89.88,488.65,748.9,20969.16,1.53,18,23,30
2025-12-08,Affiliates,acquisition,599,A,10790.81,400779,6180,1.54,1.75,1591,32,22,81.5,490.49,914.28,20114.12,1.86,14,18,24
2025-12-08,Affiliates,acquisition,599,B,11293.21,571789,6502,1.14,1.74,2052,34,19,89.71,594.38,920.08,17481.55,1.55,12,16,20
2025-12-08,CRM,lifecycle,499,A,8092.11,14020,7010,50,1.15,2237,174,158,91.11,51.22,951.9,150400.68,18.59,102,134,31
2025-12-08,CRM,lifecycle,499,B,8058.86,20511,6837,33.33,1.18,2559,308,269,87.47,29.96,903.08,242929.02,30.14,174,228,53
2025-12-08,CRM,lifecycle,549,A,7546.92,19761,6587,33.33,1.15,2081,196,175,89.74,43.13,1008.79,176539.02,23.39,113,148,35
2025-12-08,CRM,lifecycle,549,B,7496.9,11458,5729,50,1.31,2524,245,221,90.3,33.92,1112.03,245757.95,32.78,143,187,44
2025-12-08,CRM,lifecycle,599,A,7811.76,12501,4167,33.33,1.87,1535,85,72,85.83,108.5,1012.68,72912.64,9.33,46,61,14
2025-12-08,CRM,lifecycle,599,B,9032.36,22569,7523,33.33,1.2,3234,200,174,87.31,51.91,1114.79,193973.24,21.48,113,147,34
2025-12-08,RAF,lifecycle,499,A,3694.75,10228,5114,50,0.72,2635,198,180,91.31,20.53,830.03,149405.1,40.44,117,153,198
2025-12-08,RAF,lifecycle,499,B,4517.3,10662,5331,50,0.85,2644,149,135,90.66,33.46,957.35,129242.47,28.61,87,114,148
2025-12-08,RAF,lifecycle,549,A,4242.47,13998,4666,33.33,0.91,1645,83,76,92.02,55.82,913.16,69400.09,16.36,49,64,83
2025-12-08,RAF,lifecycle,549,B,3686.63,8222,4111,50,0.9,1268,88,79,89.92,46.67,1040.93,82233.68,22.31,51,67,86
2025-12-08,RAF,lifecycle,599,A,4346.05,11710,5855,50,0.74,2672,111,101,91.39,43.03,1158.63,117021.76,26.93,65,85,111
2025-12-08,RAF,lifecycle,599,B,4406.27,9466,4733,50,0.93,1475,72,61,86.02,72.23,996.66,60796.53,13.8,39,51,67
2025-12-08,Organic,organic,499,A,0,20540,5135,25,0,1213,30,25,86.35,0,660.25,16506.25,,16,21,1
2025-12-08,Organic,organic,499,B,0,20070,4014,20,0,1324,39,32,84.16,0,717.19,22950.24,,20,27,1
2025-12-08,Organic,organic,549,A,0,14322,4774,33.33,0,1562,36,29,83.22,0,918.89,26647.8,,18,24,1
2025-12-08,Organic,organic,549,B,0,18308,4577,25,0,1200,27,22,82.22,0,974.43,21437.36,,14,18,1
2025-12-08,Organic,organic,599,A,0,18012,6004,33.33,0,2136,53,45,85.66,0,801.64,36073.97,,29,38,2
2025-12-08,Organic,organic,599,B,0,23300,4660,20,0,1453,29,23,82.53,0,1036.41,23837.52,,14,19,1
2025-12-15,Meta,acquisition,499,A,480596.89,13750564,254487,1.85,1.89,54451,1143,929,81.31,517.33,798.5,741804.05,1.54,975,882,46
2025-12-15,Meta,acquisition,499,B,378161.97,12375741,142446,1.15,2.65,33402,724,590,81.56,640.95,788.47,465196.41,1.23,619,560,29
2025-12-15,Meta,acquisition,549,A,489121.71,20922344,415226,1.98,1.18,88126,1451,1187,81.85,412.07,735.07,872533.65,1.78,1246,1127,59
2025-12-15,Meta,acquisition,549,B,490651.83,26619520,541483,2.03,0.91,138896,3255,2543,78.13,192.94,878.72,2234573.07,4.55,2670,2415,127
2025-12-15,Meta,acquisition,599,A,484973.78,17373306,318318,1.83,1.52,114708,2305,1923,83.47,252.2,963.9,1853572.81,3.82,2019,1826,96
2025-12-15,Meta,acquisition,599,B,451926.14,15134562,241175,1.59,1.87,95885,1433,1202,83.9,375.98,767.45,922476.36,2.04,1262,1141,60
2025-12-15,Google,acquisition,499,A,251667.73,11985602,184860,1.54,1.36,62364,1955,1667,85.32,150.97,876.43,1461011.05,5.81,1750,1833,83
2025-12-15,Google,acquisition,499,B,211548.58,7100370,113390,1.6,1.87,32310,1096,910,83.04,232.47,773.25,703657.5,3.33,955,1001,45
2025-12-15,Google,acquisition,549,A,214994.02,7503092,146701,1.96,1.47,34949,1007,816,81.05,263.47,973.24,794167.18,3.69,856,897,40
2025-12-15,Google,acquisition,549,B,224768.14,9328766,188505,2.02,1.19,55191,1599,1318,82.43,170.54,1023.95,1349565.13,6,1383,1449,65
2025-12-15,Google,acquisition,599,A,225146.44,7757352,97701,1.26,2.3,37330,1042,848,81.47,265.5,985.37,835597.3,3.71,890,932,42
2025-12-15,Google,acquisition,599,B,211081.58,8431297,188321,2.23,1.12,60022,1392,1221,87.76,172.88,1023,1249082.92,5.92,1282,1343,61
2025-12-15,TikTok,acquisition,499,A,112368.79,4640356,81009,1.75,1.39,30510,530,423,80,265.65,657.96,278317.44,2.48,444,401,21
2025-12-15,TikTok,acquisition,499,B,131433.98,6981977,126261,1.81,1.04,29635,622,503,80.94,261.3,565.66,284526.94,2.16,528,477,25
2025-12-15,TikTok,acquisition,549,A,121595.18,6279802,104851,1.67,1.16,34287,629,503,80.02,241.74,698.86,351527.9,2.89,528,477,25
2025-12-15,TikTok,acquisition,549,B,126789.73,6699871,115941,1.73,1.09,41770,830,696,83.87,182.17,617.84,430017.62,3.39,730,661,34
2025-12-15,TikTok,acquisition,599,A,137849.25,4507372,102118,2.27,1.35,37184,642,498,77.61,276.81,763.84,380392.05,2.76,522,473,24
2025-12-15,TikTok,acquisition,599,B,125469.48,3913131,106180,2.71,1.18,41226,687,572,83.36,219.35,623.79,356807.85,2.84,600,543,28
2025-12-15,Programmatic,acquisition,499,A,48481.92,1932599,19946,1.03,2.43,7208,101,77,77.05,629.64,701.96,54051.04,1.11,80,73,3
2025-12-15,Programmatic,acquisition,499,B,56104.34,2691997,25720,0.96,2.18,9131,97,80,83.16,701.3,590.87,47269.2,0.84,84,76,4
2025-12-15,Programmatic,acquisition,549,A,48280.43,1997011,21307,1.07,2.27,7564,93,72,77.44,670.56,669.27,48187.21,1,75,68,3
2025-12-15,Programmatic,acquisition,549,B,50336.92,2338721,21558,0.92,2.33,8601,102,80,78.72,629.21,845.5,67640.06,1.34,84,76,4
2025-12-15,Programmatic,acquisition,599,A,56240.21,3014065,19411,0.64,2.9,6033,47,36,78.15,1562.23,762.5,27449.84,0.49,37,34,1
2025-12-15,Programmatic,acquisition,599,B,56806.33,1679166,11840,0.71,4.8,4553,42,32,78.49,1775.2,740.93,23709.9,0.42,33,30,1
2025-12-15,Creators,acquisition,499,A,35223.26,1400803,19559,1.4,1.8,7223,138,113,81.92,311.71,834.39,94286.03,2.68,73,96,124
2025-12-15,Creators,acquisition,499,B,39881.29,2157983,36254,1.68,1.1,11794,216,178,82.66,224.05,656.98,116941.76,2.93,115,151,195
2025-12-15,Creators,acquisition,549,A,32226.36,1206551,12952,1.07,2.49,3784,67,56,84.77,575.47,906.84,50783.19,1.58,36,47,61
2025-12-15,Creators,acquisition,549,B,31578.27,1501578,27046,1.8,1.17,7723,125,101,81.52,312.66,731.7,73901.63,2.34,65,85,111
2025-12-15,Creators,acquisition,599,A,41450.99,1693642,26687,1.58,1.55,8387,147,123,83.86,337,846.54,104124.01,2.51,79,104,135
2025-12-15,Creators,acquisition,599,B,39163.3,1664708,19743,1.19,1.98,7887,156,130,83.65,301.26,942,122460.43,3.13,84,110,143
2025-12-15,Affiliates,acquisition,499,A,15114.99,617590,7070,1.14,2.14,1639,43,27,89.9,559.81,805.34,21744.14,1.44,17,22,29
2025-12-15,Affiliates,acquisition,499,B,13692.8,532871,6991,1.31,1.96,2191,50,38,88.67,360.34,745.52,28329.64,2.07,24,32,41
2025-12-15,Affiliates,acquisition,549,A,13543.87,559150,9936,1.78,1.36,3338,70,50,80.01,270.88,734.47,36723.27,2.71,32,42,55
2025-12-15,Affiliates,acquisition,549,B,13812.06,663713,12703,1.91,1.09,4782,96,75,87.97,184.16,867.78,65083.13,4.71,48,63,82
2025-12-15,Affiliates,acquisition,599,A,12157.1,628193,8017,1.28,1.52,2387,37,20,81.58,607.85,960.6,19211.91,1.58,13,17,22
2025-12-15,Affiliates,acquisition,599,B,15084.19,730854,10605,1.45,1.42,3911,65,37,85.21,407.68,952.79,35253.28,2.34,24,31,40
2025-12-15,CRM,lifecycle,499,A,9232.35,21042,7014,33.33,1.32,2908,326,282,86.64,32.74,816.99,230392.34,24.95,183,239,56
2025-12-15,CRM,lifecycle,499,B,9114.15,16794,5598,33.33,1.63,2757,246,210,85.43,43.4,796.6,167286.4,18.35,136,178,42
2025-12-15,CRM,lifecycle,549,A,9107.01,15700,7850,50,1.16,3130,214,192,90.11,47.43,878.87,168743.1,18.53,124,163,38
2025-12-15,CRM,lifecycle,549,B,8125.16,11326,5663,50,1.43,2331,223,196,88.22,41.45,881.02,172679.91,21.25,127,166,39
2025-12-15,CRM,lifecycle,599,A,10055.91,12768,6384,50,1.58,2762,162,141,87.07,71.32,1139.55,160676.72,15.98,91,119,28
2025-12-15,CRM,lifecycle,599,B,10213.48,16940,8470,50,1.21,3041,172,155,90.65,65.89,1139.06,176554.42,17.29,100,131,31
2025-12-15,RAF,lifecycle,499,A,4527.06,19362,6454,33.33,0.7,2184,143,132,92.83,34.3,763.85,100828.31,22.27,85,112,145
2025-12-15,RAF,lifecycle,499,B,5194.3,18060,6020,33.33,0.86,3167,247,222,89.97,23.4,787.79,174889.38,33.67,144,188,244
2025-12-15,RAF,lifecycle,549,A,3930.6,10806,5403,50,0.73,2381,104,93,90.24,42.26,1077.92,100246.14,25.5,60,79,102
2025-12-15,RAF,lifecycle,549,B,4587.67,9021,3007,33.33,1.53,1188,61,56,92.8,81.92,1087.7,60911.04,13.28,36,47,61
2025-12-15,RAF,lifecycle,599,A,5280.59,13845,4615,33.33,1.14,2517,96,82,86.16,64.4,1099.04,90121.44,17.07,53,69,90
2025-12-15,RAF,lifecycle,599,B,5229.36,9650,4825,50,1.08,1890,117,107,91.57,48.87,1087.6,116373.71,22.25,69,90,117
2025-12-15,Organic,organic,499,A,0,23160,5790,25,0,2049,53,47,89.58,0,656.76,30867.7,,30,39,2
2025-12-15,Organic,organic,499,B,0,17898,5966,33.33,0,1892,57,48,84.93,0,849.02,40752.95,,31,40,2
2025-12-15,Organic,organic,549,A,0,13719,4573,33.33,0,1589,34,29,87.6,0,723.59,20984.24,,18,24,1
2025-12-15,Organic,organic,549,B,0,18248,4562,25,0,1123,24,21,89.69,0,801.33,16828.03,,13,17,1
2025-12-15,Organic,organic,599,A,0,24880,4976,20,0,1819,38,32,86.28,0,1007.89,32252.45,,20,27,1
2025-12-15,Organic,organic,599,B,0,18120,6040,33.33,0,1681,34,29,86.83,0,812.5,23562.42,,18,24,1
2025-12-22,Meta,acquisition,499,A,496744.09,17483517,329300,1.88,1.51,79175,2096,1688,80.56,294.28,700.1,1181765.28,2.38,1772,1603,84
2025-12-22,Meta,acquisition,499,B,500272.46,18823637,366121,1.95,1.37,88927,1759,1504,85.55,332.63,791.81,1190876.96,2.38,1579,1428,75
2025-12-22,Meta,acquisition,549,A,481926.25,18230682,224454,1.23,2.15,46718,1067,908,85.17,530.76,710.46,645097.97,1.34,953,862,45
2025-12-22,Meta,acquisition,549,B,464802.8,17479069,281592,1.61,1.65,83478,1761,1382,78.53,336.33,706.29,976094.62,2.1,1451,1312,69
2025-12-22,Meta,acquisition,599,A,408882.92,16471474,228382,1.39,1.79,90491,1863,1557,83.58,262.61,801.96,1248656.31,3.05,1634,1479,77
2025-12-22,Meta,acquisition,599,B,452519.59,17310223,256038,1.48,1.77,94973,1947,1629,83.71,277.79,802.3,1306949.56,2.89,1710,1547,81
2025-12-22,Google,acquisition,499,A,233563.85,9679638,182760,1.89,1.28,63465,2223,1879,84.53,124.3,782.23,1469819.28,6.29,1972,2066,93
2025-12-22,Google,acquisition,499,B,262248.39,9176758,214396,2.34,1.22,58870,1799,1559,86.7,168.22,702.48,1095170.57,4.18,1636,1714,77
2025-12-22,Google,acquisition,549,A,215969.49,7617106,144006,1.89,1.5,36078,875,738,84.43,292.64,1013.79,748178.53,3.46,774,811,36
2025-12-22,Google,acquisition,549,B,275980.08,11856292,192872,1.63,1.43,65848,2093,1722,82.3,160.27,813.1,1400160.42,5.07,1808,1894,86
2025-12-22,Google,acquisition,599,A,222536.61,10000744,171325,1.71,1.3,40890,885,776,87.72,286.77,1038.87,806166.98,3.62,814,853,38
2025-12-22,Google,acquisition,599,B,205688.31,6820996,101771,1.49,2.02,28400,745,639,85.86,321.89,1154.46,737699.13,3.59,670,702,31
2025-12-22,TikTok,acquisition,499,A,119843.99,6416390,115502,1.8,1.04,30711,485,384,79.38,312.09,579.06,222359.11,1.86,403,364,19
2025-12-22,TikTok,acquisition,499,B,146929.07,4302565,94680,2.2,1.55,25818,594,484,81.61,303.57,666.97,322811.27,2.2,508,459,24
2025-12-22,TikTok,acquisition,549,A,126526.93,6887671,130771,1.9,0.97,31416,533,430,80.72,294.25,575.94,247654.58,1.96,451,408,21
2025-12-22,TikTok,acquisition,549,B,141220.23,4774444,103854,2.18,1.36,29875,493,401,81.47,352.17,655.97,263045.26,1.86,421,380,20
2025-12-22,TikTok,acquisition,599,A,145105.49,5061735,99323,1.96,1.46,35301,516,399,77.51,363.67,749.07,298878.01,2.06,418,379,19
2025-12-22,TikTok,acquisition,599,B,144910.15,5607353,131963,2.35,1.1,28352,326,254,78.05,570.51,814.82,206963.51,1.43,266,241,12
2025-12-22,Programmatic,acquisition,499,A,48932.97,2090864,20799,0.99,2.35,7874,115,93,81.13,526.16,565.36,52578.45,1.07,97,88,4
2025-12-22,Programmatic,acquisition,499,B,54499.95,1637854,13870,0.85,3.93,2789,42,34,83.12,1602.94,711.41,24188.07,0.44,35,32,1
2025-12-22,Programmatic,acquisition,549,A,49955.07,1653904,11168,0.68,4.47,2789,22,17,77.72,2938.53,828.2,14079.37,0.28,17,16,0
2025-12-22,Programmatic,acquisition,549,B,59613.36,2020212,20968,1.04,2.84,5109,45,35,78.03,1703.24,821.44,28750.48,0.48,36,33,1
2025-12-22,Programmatic,acquisition,599,A,55779.33,2905823,22385,0.77,2.49,6496,50,38,76.86,1467.88,792.48,30114.14,0.54,39,36,1
2025-12-22,Programmatic,acquisition,599,B,61761.5,2815748,26175,0.93,2.36,9412,94,76,81.05,812.65,850.28,64621.17,1.05,79,72,3
2025-12-22,Creators,acquisition,499,A,40492.83,2141544,33640,1.57,1.2,7312,128,102,80.41,396.99,655.61,66872.09,1.65,66,86,112
2025-12-22,Creators,acquisition,499,B,41150.14,1971057,21746,1.1,1.89,5454,132,111,84.24,370.72,742.87,82458.56,2,72,94,122
2025-12-22,Creators,acquisition,549,A,38784.81,1662806,29755,1.79,1.3,8885,146,119,82.1,325.92,940.49,111918.38,2.89,77,101,130
2025-12-22,Creators,acquisition,549,B,40188.81,1463997,23926,1.63,1.68,7690,114,91,80.67,441.64,852.67,77593.14,1.93,59,77,100
2025-12-22,Creators,acquisition,599,A,38921.95,1175239,18990,1.62,2.05,6618,107,89,83.21,437.33,866.49,77117.51,1.98,57,75,97
2025-12-22,Creators,acquisition,599,B,42040.43,1241837,25255,2.03,1.66,7945,115,92,80.63,456.96,995.05,91545.01,2.18,59,78,101
2025-12-22,Affiliates,acquisition,499,A,12223.27,508321,8389,1.65,1.46,2023,52,35,82.37,349.24,745.1,26078.46,2.13,22,29,38
2025-12-22,Affiliates,acquisition,499,B,12986.07,547154,7623,1.39,1.7,2405,67,41,85.46,316.73,672.98,27592.35,2.12,26,34,45
2025-12-22,Affiliates,acquisition,549,A,12524.89,426179,5952,1.4,2.1,2255,45,29,89.56,431.89,778.9,22587.96,1.8,18,24,31
2025-12-22,Affiliates,acquisition,549,B,12554.11,399600,4414,1.1,2.84,1040,20,13,88.39,965.7,726.8,9448.43,0.75,8,11,14
2025-12-22,Affiliates,acquisition,599,A,15603.66,485552,4975,1.02,3.14,1235,23,16,88.7,975.23,940.63,15050.14,0.96,10,13,17
2025-12-22,Affiliates,acquisition,599,B,12318.41,679227,9924,1.46,1.24,2111,41,26,89.16,473.78,858.42,22318.92,1.81,16,22,28
2025-12-22,CRM,lifecycle,499,A,8939.16,15255,5085,33.33,1.76,2532,198,170,86.32,52.58,957.92,162845.84,18.22,110,144,34
2025-12-22,CRM,lifecycle,499,B,9944.05,9958,4979,50,2,1879,182,159,87.59,62.54,797.17,126749.81,12.75,103,135,31
2025-12-22,CRM,lifecycle,549,A,8485.3,21549,7183,33.33,1.18,2300,168,144,85.82,58.93,969.51,139609.64,16.45,93,122,28
2025-12-22,CRM,lifecycle,549,B,8926.49,19608,6536,33.33,1.37,2994,254,227,89.75,39.32,915.04,207713.26,23.27,147,192,45
2025-12-22,CRM,lifecycle,599,A,10401.02,10754,5377,50,1.93,1649,98,89,91.83,116.87,1259.29,112077.12,10.78,57,75,17
2025-12-22,CRM,lifecycle,599,B,9427.99,21336,7112,33.33,1.33,2216,177,155,87.85,60.83,1262.56,195697.03,20.76,100,131,31
2025-12-22,RAF,lifecycle,499,A,4644.53,15873,5291,33.33,0.88,2531,182,159,87.38,29.21,820.98,130535.69,28.11,103,135,174
2025-12-22,RAF,lifecycle,499,B,4452.8,9542,4771,50,0.93,2309,113,105,93.76,42.41,964.3,101251,22.74,68,89,115
2025-12-22,RAF,lifecycle,549,A,4867.69,10930,5465,50,0.89,2705,138,119,86.71,40.9,940.94,111971.51,23,77,101,130
2025-12-22,RAF,lifecycle,549,B,5285.04,12250,6125,50,0.86,2569,116,103,89.07,51.31,1080.48,111288.99,21.06,66,87,113
2025-12-22,RAF,lifecycle,599,A,4446.21,12338,6169,50,0.72,2326,142,128,90.5,34.74,889.48,113853.29,25.61,83,108,140
2025-12-22,RAF,lifecycle,599,B,3968.08,6162,3081,50,1.29,926,45,41,91.57,96.78,896.6,36760.8,9.26,26,34,45
2025-12-22,Organic,organic,499,A,0,21465,4293,20,0,999,28,24,88.5,0,645.29,15486.9,,15,20,1
2025-12-22,Organic,organic,499,B,0,16353,5451,33.33,0,1443,35,29,83.1,0,839.39,24342.34,,18,24,1
2025-12-22,Organic,organic,549,A,0,16540,4135,25,0,1357,29,24,85.78,0,970.32,23287.74,,15,20,1
2025-12-22,Organic,organic,549,B,0,18948,4737,25,0,1512,38,33,88.85,0,864.05,28513.6,,21,28,1
2025-12-22,Organic,organic,599,A,0,16443,5481,33.33,0,1385,25,20,83.31,0,1052.7,21054.08,,13,17,1
2025-12-22,Organic,organic,599,B,0,19344,4836,25,0,1601,42,35,85.24,0,913.57,31975.04,,22,29,1